user_id,signup_day,subscription_tier,device,acquisition_channel,signup_cohort_month
1,3,Ad-Supported,CTV,Organic,0
2,227,Premium,Web,Paid-Social,7
3,298,Ad-Supported,Mobile,Organic,9
4,220,Ad-Supported,Mobile,Telco-Bundle,7
5,154,Premium,CTV,Paid-Social,5
6,331,Premium,CTV,Paid-Social,11
7,149,Ad-Supported,CTV,Referral,4
8,284,Ad-Supported,Mobile,Organic,9
9,186,Ad-Supported,Mobile,Telco-Bundle,6
10,11,Ad-Supported,Mobile,Organic,0
11,212,Premium,Mobile,Telco-Bundle,7
12,20,Ad-Supported,Mobile,Paid-Social,0
13,372,Ad-Supported,Mobile,Organic,12
14,241,Ad-Supported,CTV,Organic,8
15,149,Ad-Supported,CTV,Telco-Bundle,4
16,194,Ad-Supported,CTV,Telco-Bundle,6
17,248,Premium,CTV,Telco-Bundle,8
18,104,Ad-Supported,Mobile,Paid-Social,3
19,116,Premium,Mobile,Telco-Bundle,3
20,168,Premium,CTV,Paid-Social,5
21,104,Ad-Supported,Web,Organic,3
22,303,Ad-Supported,CTV,Paid-Social,10
23,42,Ad-Supported,CTV,Paid-Social,1
24,330,Ad-Supported,CTV,Telco-Bundle,11
25,140,Ad-Supported,CTV,Paid-Social,4
26,224,Premium,CTV,Paid-Social,7
27,63,Ad-Supported,CTV,Referral,2
28,154,Ad-Supported,Mobile,Telco-Bundle,5
29,302,Ad-Supported,Mobile,Organic,10
30,109,Ad-Supported,Mobile,Referral,3
31,53,Premium,CTV,Organic,1
32,209,Ad-Supported,Web,Telco-Bundle,6
33,65,Premium,Mobile,Organic,2
34,126,Premium,Mobile,Paid-Social,4
35,180,Ad-Supported,Web,Referral,6
36,226,Ad-Supported,Mobile,Organic,7
37,256,Ad-Supported,Web,Telco-Bundle,8
38,270,Premium,Mobile,Paid-Social,9
39,337,Ad-Supported,Mobile,Organic,11
40,27,Premium,Mobile,Referral,0
41,145,Premium,Mobile,Paid-Social,4
42,1,Premium,Mobile,Telco-Bundle,0
43,4,Ad-Supported,Mobile,Telco-Bundle,0
44,85,Ad-Supported,Mobile,Organic,2
45,239,Premium,Mobile,Organic,7
46,357,Ad-Supported,Web,Organic,11
47,309,Premium,Mobile,Paid-Social,10
48,258,Ad-Supported,Mobile,Organic,8
49,311,Ad-Supported,Mobile,Paid-Social,10
50,69,Premium,Tablet,Telco-Bundle,2
51,336,Ad-Supported,Web,Organic,11
52,356,Ad-Supported,Tablet,Telco-Bundle,11
53,38,Ad-Supported,Web,Paid-Social,1
54,188,Ad-Supported,Mobile,Organic,6
55,332,Premium,CTV,Organic,11
56,190,Ad-Supported,Mobile,Organic,6
57,336,Ad-Supported,Web,Telco-Bundle,11
58,374,Ad-Supported,Mobile,Organic,12
59,190,Premium,Mobile,Telco-Bundle,6
60,24,Ad-Supported,Web,Telco-Bundle,0
61,136,Premium,Web,Organic,4
62,86,Premium,Tablet,Telco-Bundle,2
63,190,Ad-Supported,Mobile,Referral,6
64,234,Premium,Mobile,Organic,7
65,186,Premium,Mobile,Referral,6
66,78,Ad-Supported,Mobile,Organic,2
67,121,Ad-Supported,Mobile,Telco-Bundle,4
68,272,Premium,Mobile,Organic,9
69,11,Premium,Web,Telco-Bundle,0
70,86,Premium,Mobile,Telco-Bundle,2
71,357,Premium,CTV,Referral,11
72,40,Ad-Supported,Web,Referral,1
73,166,Premium,CTV,Organic,5
74,83,Premium,Mobile,Telco-Bundle,2
75,42,Ad-Supported,Mobile,Organic,1
76,169,Ad-Supported,Mobile,Organic,5
77,209,Ad-Supported,CTV,Organic,6
78,71,Premium,Mobile,Referral,2
79,32,Ad-Supported,Mobile,Telco-Bundle,1
80,54,Premium,Tablet,Organic,1
81,260,Ad-Supported,CTV,Referral,8
82,344,Ad-Supported,Web,Telco-Bundle,11
83,72,Ad-Supported,Mobile,Organic,2
84,128,Ad-Supported,Tablet,Paid-Social,4
85,138,Premium,Mobile,Telco-Bundle,4
86,144,Ad-Supported,Mobile,Telco-Bundle,4
87,98,Premium,Web,Paid-Social,3
88,23,Ad-Supported,Web,Paid-Social,0
89,210,Premium,Mobile,Organic,7
90,143,Ad-Supported,Mobile,Paid-Social,4
91,137,Ad-Supported,Mobile,Organic,4
92,106,Ad-Supported,Web,Organic,3
93,371,Ad-Supported,Web,Organic,12
94,244,Ad-Supported,Mobile,Telco-Bundle,8
95,168,Premium,Mobile,Paid-Social,5
96,82,Ad-Supported,CTV,Paid-Social,2
97,320,Ad-Supported,CTV,Organic,10
98,355,Ad-Supported,Mobile,Referral,11
99,13,Ad-Supported,CTV,Organic,0
100,371,Premium,Tablet,Paid-Social,12
101,280,Ad-Supported,Mobile,Organic,9
102,40,Premium,CTV,Telco-Bundle,1
103,301,Premium,CTV,Paid-Social,10
104,43,Ad-Supported,CTV,Paid-Social,1
105,21,Ad-Supported,Web,Telco-Bundle,0
106,47,Ad-Supported,CTV,Telco-Bundle,1
107,184,Ad-Supported,CTV,Paid-Social,6
108,248,Ad-Supported,Mobile,Paid-Social,8
109,163,Premium,CTV,Referral,5
110,49,Premium,Mobile,Referral,1
111,80,Ad-Supported,Mobile,Telco-Bundle,2
112,341,Premium,Mobile,Telco-Bundle,11
113,385,Ad-Supported,CTV,Telco-Bundle,12
114,301,Premium,Tablet,Referral,10
115,42,Ad-Supported,CTV,Organic,1
116,328,Ad-Supported,Web,Referral,10
117,277,Premium,Mobile,Telco-Bundle,9
118,210,Premium,CTV,Paid-Social,7
119,58,Premium,Tablet,Paid-Social,1
120,398,Ad-Supported,Mobile,Organic,13
121,177,Premium,Web,Telco-Bundle,5
122,18,Ad-Supported,CTV,Telco-Bundle,0
123,84,Ad-Supported,Mobile,Organic,2
124,161,Ad-Supported,CTV,Telco-Bundle,5
125,25,Ad-Supported,Mobile,Organic,0
126,130,Ad-Supported,Mobile,Paid-Social,4
127,187,Ad-Supported,Mobile,Paid-Social,6
128,379,Premium,Mobile,Telco-Bundle,12
129,35,Premium,Mobile,Organic,1
130,231,Premium,Web,Organic,7
131,366,Ad-Supported,Mobile,Organic,12
132,322,Premium,Web,Telco-Bundle,10
133,370,Ad-Supported,CTV,Referral,12
134,68,Ad-Supported,Mobile,Telco-Bundle,2
135,320,Premium,Mobile,Telco-Bundle,10
136,391,Ad-Supported,Tablet,Organic,13
137,131,Ad-Supported,CTV,Organic,4
138,199,Ad-Supported,Web,Telco-Bundle,6
139,212,Ad-Supported,Mobile,Paid-Social,7
140,197,Premium,CTV,Organic,6
141,116,Ad-Supported,Web,Paid-Social,3
142,388,Ad-Supported,Tablet,Telco-Bundle,12
143,382,Ad-Supported,Mobile,Organic,12
144,152,Ad-Supported,Tablet,Organic,5
145,322,Premium,Mobile,Telco-Bundle,10
146,159,Premium,Web,Organic,5
147,318,Premium,CTV,Paid-Social,10
148,234,Premium,CTV,Telco-Bundle,7
149,188,Ad-Supported,Mobile,Referral,6
150,52,Premium,Web,Paid-Social,1
151,262,Ad-Supported,Mobile,Organic,8
152,129,Ad-Supported,Mobile,Paid-Social,4
153,87,Premium,CTV,Organic,2
154,78,Ad-Supported,CTV,Telco-Bundle,2
155,392,Premium,Mobile,Telco-Bundle,13
156,42,Premium,CTV,Paid-Social,1
157,319,Premium,Mobile,Telco-Bundle,10
158,346,Ad-Supported,CTV,Organic,11
159,13,Ad-Supported,CTV,Paid-Social,0
160,236,Premium,CTV,Referral,7
161,231,Ad-Supported,Web,Organic,7
162,144,Ad-Supported,CTV,Organic,4
163,267,Premium,Mobile,Telco-Bundle,8
164,164,Premium,CTV,Paid-Social,5
165,176,Premium,Mobile,Organic,5
166,173,Ad-Supported,Mobile,Organic,5
167,320,Ad-Supported,Web,Paid-Social,10
168,253,Ad-Supported,Mobile,Paid-Social,8
169,152,Ad-Supported,Mobile,Paid-Social,5
170,370,Ad-Supported,Tablet,Organic,12
171,321,Ad-Supported,Mobile,Paid-Social,10
172,373,Ad-Supported,Mobile,Telco-Bundle,12
173,292,Ad-Supported,Mobile,Telco-Bundle,9
174,157,Ad-Supported,Mobile,Telco-Bundle,5
175,309,Ad-Supported,CTV,Telco-Bundle,10
176,132,Ad-Supported,Web,Telco-Bundle,4
177,109,Premium,CTV,Organic,3
178,180,Ad-Supported,Mobile,Organic,6
179,387,Premium,CTV,Organic,12
180,227,Ad-Supported,Mobile,Organic,7
181,154,Ad-Supported,CTV,Referral,5
182,185,Ad-Supported,CTV,Organic,6
183,117,Ad-Supported,Mobile,Telco-Bundle,3
184,263,Ad-Supported,Web,Organic,8
185,140,Premium,Web,Paid-Social,4
186,222,Premium,Mobile,Paid-Social,7
187,148,Ad-Supported,CTV,Organic,4
188,128,Ad-Supported,CTV,Paid-Social,4
189,388,Premium,Mobile,Telco-Bundle,12
190,138,Ad-Supported,Mobile,Paid-Social,4
191,29,Ad-Supported,CTV,Telco-Bundle,0
192,152,Premium,Tablet,Referral,5
193,213,Ad-Supported,CTV,Paid-Social,7
194,38,Premium,CTV,Referral,1
195,122,Ad-Supported,CTV,Organic,4
196,67,Ad-Supported,Mobile,Organic,2
197,200,Ad-Supported,Mobile,Paid-Social,6
198,289,Premium,Mobile,Paid-Social,9
199,387,Ad-Supported,Web,Paid-Social,12
200,156,Premium,Web,Paid-Social,5
201,345,Premium,Web,Telco-Bundle,11
202,86,Premium,Mobile,Organic,2
203,312,Ad-Supported,CTV,Telco-Bundle,10
204,225,Ad-Supported,CTV,Paid-Social,7
205,303,Ad-Supported,Mobile,Paid-Social,10
206,302,Ad-Supported,Mobile,Organic,10
207,213,Premium,Web,Organic,7
208,103,Ad-Supported,CTV,Paid-Social,3
209,210,Premium,CTV,Telco-Bundle,7
210,330,Ad-Supported,Mobile,Paid-Social,11
211,388,Ad-Supported,CTV,Organic,12
212,371,Ad-Supported,Mobile,Telco-Bundle,12
213,73,Premium,Mobile,Telco-Bundle,2
214,239,Ad-Supported,CTV,Referral,7
215,42,Ad-Supported,Mobile,Paid-Social,1
216,267,Premium,Tablet,Telco-Bundle,8
217,396,Ad-Supported,Mobile,Paid-Social,13
218,21,Ad-Supported,Mobile,Telco-Bundle,0
219,262,Ad-Supported,Mobile,Paid-Social,8
220,378,Ad-Supported,CTV,Organic,12
221,339,Ad-Supported,Mobile,Referral,11
222,157,Ad-Supported,Mobile,Telco-Bundle,5
223,42,Ad-Supported,Mobile,Telco-Bundle,1
224,369,Ad-Supported,Mobile,Paid-Social,12
225,368,Ad-Supported,CTV,Telco-Bundle,12
226,232,Ad-Supported,Mobile,Organic,7
227,391,Ad-Supported,Mobile,Organic,13
228,2,Ad-Supported,Web,Organic,0
229,247,Ad-Supported,Mobile,Organic,8
230,16,Ad-Supported,CTV,Organic,0
231,374,Ad-Supported,Mobile,Telco-Bundle,12
232,272,Premium,CTV,Organic,9
233,365,Premium,Mobile,Telco-Bundle,12
234,225,Ad-Supported,Mobile,Referral,7
235,34,Ad-Supported,Mobile,Organic,1
236,11,Ad-Supported,Tablet,Telco-Bundle,0
237,134,Premium,Mobile,Paid-Social,4
238,297,Ad-Supported,Web,Referral,9
239,61,Ad-Supported,Web,Paid-Social,2
240,341,Ad-Supported,Mobile,Paid-Social,11
241,96,Ad-Supported,Mobile,Organic,3
242,199,Ad-Supported,Mobile,Referral,6
243,82,Premium,Tablet,Organic,2
244,186,Premium,CTV,Telco-Bundle,6
245,181,Ad-Supported,CTV,Organic,6
246,3,Ad-Supported,Mobile,Telco-Bundle,0
247,227,Ad-Supported,Web,Paid-Social,7
248,314,Ad-Supported,Mobile,Organic,10
249,374,Ad-Supported,Mobile,Organic,12
250,132,Ad-Supported,Mobile,Organic,4
251,352,Premium,Mobile,Telco-Bundle,11
252,351,Premium,Web,Telco-Bundle,11
253,395,Premium,Web,Organic,13
254,149,Premium,Mobile,Paid-Social,4
255,340,Ad-Supported,Mobile,Organic,11
256,226,Ad-Supported,Web,Telco-Bundle,7
257,24,Ad-Supported,CTV,Telco-Bundle,0
258,108,Ad-Supported,Mobile,Telco-Bundle,3
259,269,Ad-Supported,Mobile,Telco-Bundle,8
260,65,Premium,CTV,Organic,2
261,174,Ad-Supported,Tablet,Organic,5
262,310,Ad-Supported,CTV,Telco-Bundle,10
263,60,Ad-Supported,Mobile,Organic,2
264,199,Premium,CTV,Organic,6
265,86,Ad-Supported,Mobile,Organic,2
266,215,Ad-Supported,Web,Telco-Bundle,7
267,97,Ad-Supported,Mobile,Telco-Bundle,3
268,386,Premium,Mobile,Referral,12
269,31,Premium,Mobile,Paid-Social,1
270,385,Ad-Supported,Mobile,Organic,12
271,316,Premium,Mobile,Paid-Social,10
272,342,Ad-Supported,CTV,Telco-Bundle,11
273,340,Premium,Web,Organic,11
274,75,Ad-Supported,Web,Referral,2
275,372,Ad-Supported,Mobile,Paid-Social,12
276,238,Premium,Mobile,Telco-Bundle,7
277,384,Ad-Supported,Mobile,Telco-Bundle,12
278,351,Ad-Supported,Mobile,Paid-Social,11
279,232,Premium,Mobile,Telco-Bundle,7
280,150,Premium,Web,Paid-Social,5
281,47,Ad-Supported,Tablet,Telco-Bundle,1
282,41,Premium,Mobile,Telco-Bundle,1
283,156,Premium,Web,Paid-Social,5
284,324,Ad-Supported,CTV,Organic,10
285,202,Premium,Mobile,Referral,6
286,193,Ad-Supported,CTV,Referral,6
287,98,Premium,Mobile,Telco-Bundle,3
288,226,Ad-Supported,Mobile,Referral,7
289,255,Ad-Supported,Tablet,Paid-Social,8
290,392,Ad-Supported,CTV,Paid-Social,13
291,292,Ad-Supported,Mobile,Paid-Social,9
292,243,Premium,Mobile,Organic,8
293,364,Premium,Tablet,Paid-Social,12
294,170,Ad-Supported,Mobile,Telco-Bundle,5
295,374,Ad-Supported,Web,Organic,12
296,148,Ad-Supported,Web,Organic,4
297,51,Ad-Supported,Mobile,Telco-Bundle,1
298,167,Ad-Supported,CTV,Telco-Bundle,5
299,52,Premium,CTV,Referral,1
300,48,Premium,Web,Organic,1
301,352,Ad-Supported,Mobile,Telco-Bundle,11
302,318,Ad-Supported,Mobile,Organic,10
303,89,Ad-Supported,Mobile,Organic,2
304,335,Ad-Supported,CTV,Telco-Bundle,11
305,28,Ad-Supported,Web,Paid-Social,0
306,114,Ad-Supported,Web,Telco-Bundle,3
307,282,Ad-Supported,CTV,Organic,9
308,122,Ad-Supported,Mobile,Organic,4
309,292,Premium,Mobile,Paid-Social,9
310,349,Ad-Supported,Web,Organic,11
311,27,Ad-Supported,CTV,Organic,0
312,10,Ad-Supported,Web,Organic,0
313,376,Premium,Mobile,Organic,12
314,208,Ad-Supported,Mobile,Telco-Bundle,6
315,203,Ad-Supported,Web,Organic,6
316,186,Ad-Supported,Mobile,Telco-Bundle,6
317,174,Ad-Supported,Mobile,Paid-Social,5
318,276,Ad-Supported,CTV,Paid-Social,9
319,232,Premium,CTV,Paid-Social,7
320,66,Ad-Supported,Tablet,Telco-Bundle,2
321,251,Ad-Supported,Web,Telco-Bundle,8
322,267,Ad-Supported,CTV,Organic,8
323,46,Premium,Mobile,Telco-Bundle,1
324,151,Premium,Mobile,Organic,5
325,316,Premium,Web,Paid-Social,10
326,247,Ad-Supported,Mobile,Paid-Social,8
327,55,Premium,Tablet,Organic,1
328,16,Premium,CTV,Organic,0
329,232,Ad-Supported,Mobile,Organic,7
330,185,Ad-Supported,CTV,Organic,6
331,384,Premium,CTV,Paid-Social,12
332,209,Ad-Supported,Mobile,Organic,6
333,372,Premium,Mobile,Telco-Bundle,12
334,86,Ad-Supported,CTV,Telco-Bundle,2
335,179,Ad-Supported,Mobile,Organic,5
336,56,Ad-Supported,Mobile,Organic,1
337,230,Premium,CTV,Paid-Social,7
338,76,Premium,Web,Telco-Bundle,2
339,197,Ad-Supported,CTV,Paid-Social,6
340,138,Ad-Supported,Tablet,Organic,4
341,75,Ad-Supported,Web,Referral,2
342,39,Ad-Supported,Mobile,Paid-Social,1
343,205,Premium,Mobile,Organic,6
344,378,Ad-Supported,Web,Telco-Bundle,12
345,80,Ad-Supported,Mobile,Referral,2
346,162,Ad-Supported,Web,Paid-Social,5
347,90,Premium,CTV,Organic,3
348,323,Ad-Supported,Mobile,Paid-Social,10
349,166,Premium,CTV,Organic,5
350,389,Ad-Supported,CTV,Paid-Social,12
351,98,Ad-Supported,Web,Organic,3
352,33,Premium,Mobile,Telco-Bundle,1
353,233,Ad-Supported,Web,Telco-Bundle,7
354,261,Premium,Mobile,Referral,8
355,396,Ad-Supported,Web,Telco-Bundle,13
356,348,Premium,Web,Organic,11
357,353,Premium,Mobile,Organic,11
358,254,Premium,Mobile,Paid-Social,8
359,144,Ad-Supported,Web,Organic,4
360,172,Premium,Web,Organic,5
361,54,Premium,Mobile,Telco-Bundle,1
362,172,Ad-Supported,CTV,Paid-Social,5
363,146,Ad-Supported,Web,Organic,4
364,15,Premium,Mobile,Paid-Social,0
365,82,Ad-Supported,CTV,Referral,2
366,214,Premium,Mobile,Telco-Bundle,7
367,148,Premium,Mobile,Organic,4
368,397,Ad-Supported,Web,Paid-Social,13
369,191,Ad-Supported,Mobile,Referral,6
370,383,Ad-Supported,Tablet,Organic,12
371,264,Ad-Supported,CTV,Telco-Bundle,8
372,17,Premium,CTV,Telco-Bundle,0
373,82,Ad-Supported,Mobile,Telco-Bundle,2
374,282,Ad-Supported,Mobile,Organic,9
375,218,Premium,Web,Referral,7
376,121,Ad-Supported,CTV,Organic,4
377,209,Premium,Web,Organic,6
378,361,Ad-Supported,Mobile,Organic,12
379,156,Ad-Supported,Mobile,Paid-Social,5
380,19,Ad-Supported,Mobile,Organic,0
381,125,Premium,Web,Telco-Bundle,4
382,374,Premium,Mobile,Telco-Bundle,12
383,304,Premium,CTV,Organic,10
384,335,Premium,Mobile,Telco-Bundle,11
385,364,Premium,Mobile,Referral,12
386,47,Premium,CTV,Organic,1
387,113,Ad-Supported,CTV,Telco-Bundle,3
388,24,Premium,Tablet,Referral,0
389,2,Premium,Mobile,Telco-Bundle,0
390,334,Premium,CTV,Paid-Social,11
391,374,Ad-Supported,Mobile,Telco-Bundle,12
392,63,Ad-Supported,Web,Telco-Bundle,2
393,289,Premium,CTV,Organic,9
394,214,Ad-Supported,Mobile,Organic,7
395,28,Ad-Supported,Web,Paid-Social,0
396,366,Premium,Mobile,Paid-Social,12
397,348,Ad-Supported,Mobile,Organic,11
398,227,Ad-Supported,Mobile,Organic,7
399,283,Ad-Supported,Mobile,Telco-Bundle,9
400,159,Ad-Supported,Web,Telco-Bundle,5
401,317,Premium,CTV,Organic,10
402,178,Premium,Web,Organic,5
403,395,Premium,Web,Organic,13
404,26,Premium,Web,Organic,0
405,69,Premium,Mobile,Telco-Bundle,2
406,387,Ad-Supported,Mobile,Organic,12
407,116,Premium,Mobile,Referral,3
408,124,Ad-Supported,Tablet,Organic,4
409,316,Ad-Supported,Tablet,Organic,10
410,76,Premium,Web,Telco-Bundle,2
411,205,Premium,Mobile,Paid-Social,6
412,115,Ad-Supported,Mobile,Organic,3
413,79,Premium,Web,Organic,2
414,385,Ad-Supported,Mobile,Telco-Bundle,12
415,80,Ad-Supported,CTV,Paid-Social,2
416,38,Ad-Supported,Mobile,Telco-Bundle,1
417,269,Ad-Supported,Mobile,Telco-Bundle,8
418,347,Ad-Supported,CTV,Telco-Bundle,11
419,51,Ad-Supported,Tablet,Telco-Bundle,1
420,283,Ad-Supported,Web,Telco-Bundle,9
421,216,Ad-Supported,Mobile,Telco-Bundle,7
422,332,Premium,Mobile,Paid-Social,11
423,51,Premium,Web,Telco-Bundle,1
424,390,Premium,CTV,Telco-Bundle,13
425,248,Ad-Supported,Mobile,Organic,8
426,337,Premium,CTV,Telco-Bundle,11
427,145,Premium,Mobile,Organic,4
428,377,Ad-Supported,Mobile,Paid-Social,12
429,250,Ad-Supported,Web,Organic,8
430,51,Ad-Supported,CTV,Organic,1
431,369,Ad-Supported,Mobile,Organic,12
432,318,Ad-Supported,Mobile,Organic,10
433,120,Ad-Supported,Tablet,Organic,4
434,218,Ad-Supported,CTV,Organic,7
435,155,Premium,CTV,Paid-Social,5
436,217,Ad-Supported,Mobile,Paid-Social,7
437,386,Ad-Supported,Tablet,Referral,12
438,359,Premium,Web,Telco-Bundle,11
439,87,Ad-Supported,CTV,Organic,2
440,388,Ad-Supported,Mobile,Paid-Social,12
441,175,Ad-Supported,CTV,Paid-Social,5
442,282,Ad-Supported,Web,Paid-Social,9
443,305,Ad-Supported,Web,Paid-Social,10
444,193,Ad-Supported,Tablet,Telco-Bundle,6
445,183,Ad-Supported,CTV,Telco-Bundle,6
446,183,Premium,Mobile,Paid-Social,6
447,345,Premium,Mobile,Telco-Bundle,11
448,155,Ad-Supported,Web,Organic,5
449,112,Ad-Supported,Mobile,Telco-Bundle,3
450,145,Ad-Supported,Mobile,Referral,4
451,78,Premium,CTV,Organic,2
452,157,Premium,Mobile,Telco-Bundle,5
453,46,Ad-Supported,Web,Telco-Bundle,1
454,36,Ad-Supported,Mobile,Paid-Social,1
455,289,Ad-Supported,Mobile,Organic,9
456,31,Premium,Mobile,Telco-Bundle,1
457,227,Premium,CTV,Paid-Social,7
458,312,Ad-Supported,Web,Organic,10
459,290,Ad-Supported,Mobile,Telco-Bundle,9
460,178,Ad-Supported,Mobile,Paid-Social,5
461,78,Premium,Mobile,Organic,2
462,372,Premium,CTV,Referral,12
463,334,Ad-Supported,Tablet,Organic,11
464,245,Ad-Supported,Web,Paid-Social,8
465,35,Ad-Supported,Mobile,Telco-Bundle,1
466,15,Ad-Supported,CTV,Organic,0
467,126,Premium,Mobile,Telco-Bundle,4
468,63,Ad-Supported,Mobile,Telco-Bundle,2
469,344,Premium,Mobile,Paid-Social,11
470,83,Ad-Supported,Mobile,Paid-Social,2
471,113,Ad-Supported,Mobile,Referral,3
472,390,Ad-Supported,Web,Referral,13
473,327,Ad-Supported,Mobile,Organic,10
474,88,Ad-Supported,Web,Paid-Social,2
475,154,Premium,Tablet,Paid-Social,5
476,206,Ad-Supported,CTV,Referral,6
477,266,Ad-Supported,Mobile,Telco-Bundle,8
478,374,Ad-Supported,Web,Paid-Social,12
479,348,Ad-Supported,Mobile,Telco-Bundle,11
480,390,Premium,Mobile,Paid-Social,13
481,17,Premium,Mobile,Organic,0
482,95,Ad-Supported,Web,Telco-Bundle,3
483,225,Premium,Web,Paid-Social,7
484,20,Premium,Web,Telco-Bundle,0
485,142,Premium,CTV,Paid-Social,4
486,62,Ad-Supported,CTV,Telco-Bundle,2
487,373,Ad-Supported,Web,Referral,12
488,26,Ad-Supported,Web,Organic,0
489,60,Premium,Mobile,Paid-Social,2
490,78,Premium,Tablet,Telco-Bundle,2
491,60,Ad-Supported,Web,Organic,2
492,227,Ad-Supported,CTV,Telco-Bundle,7
493,146,Premium,Mobile,Paid-Social,4
494,365,Premium,Mobile,Organic,12
495,105,Ad-Supported,Web,Telco-Bundle,3
496,215,Premium,Mobile,Paid-Social,7
497,264,Ad-Supported,Mobile,Organic,8
498,250,Ad-Supported,CTV,Organic,8
499,318,Ad-Supported,Web,Telco-Bundle,10
500,81,Premium,Web,Referral,2
501,203,Premium,Web,Paid-Social,6
502,320,Ad-Supported,Mobile,Organic,10
503,345,Ad-Supported,Mobile,Organic,11
504,247,Ad-Supported,CTV,Telco-Bundle,8
505,261,Ad-Supported,Mobile,Paid-Social,8
506,345,Ad-Supported,CTV,Paid-Social,11
507,250,Ad-Supported,Tablet,Organic,8
508,379,Ad-Supported,CTV,Paid-Social,12
509,51,Ad-Supported,CTV,Telco-Bundle,1
510,139,Ad-Supported,CTV,Paid-Social,4
511,45,Premium,Web,Organic,1
512,37,Ad-Supported,Mobile,Paid-Social,1
513,189,Ad-Supported,Mobile,Paid-Social,6
514,91,Premium,Mobile,Paid-Social,3
515,163,Ad-Supported,CTV,Organic,5
516,175,Ad-Supported,Mobile,Organic,5
517,248,Ad-Supported,CTV,Paid-Social,8
518,378,Ad-Supported,Web,Organic,12
519,339,Ad-Supported,Mobile,Telco-Bundle,11
520,151,Ad-Supported,CTV,Paid-Social,5
521,130,Ad-Supported,Mobile,Organic,4
522,308,Ad-Supported,Mobile,Telco-Bundle,10
523,50,Ad-Supported,Mobile,Paid-Social,1
524,216,Ad-Supported,Mobile,Organic,7
525,169,Ad-Supported,Tablet,Telco-Bundle,5
526,73,Ad-Supported,Tablet,Paid-Social,2
527,246,Premium,CTV,Referral,8
528,128,Ad-Supported,CTV,Organic,4
529,75,Ad-Supported,Web,Telco-Bundle,2
530,261,Ad-Supported,Web,Telco-Bundle,8
531,70,Ad-Supported,CTV,Organic,2
532,269,Premium,Mobile,Paid-Social,8
533,65,Ad-Supported,CTV,Telco-Bundle,2
534,174,Ad-Supported,Tablet,Paid-Social,5
535,323,Premium,Mobile,Paid-Social,10
536,92,Premium,Mobile,Referral,3
537,307,Premium,Mobile,Telco-Bundle,10
538,289,Ad-Supported,Mobile,Referral,9
539,361,Ad-Supported,CTV,Telco-Bundle,12
540,68,Premium,Mobile,Telco-Bundle,2
541,286,Ad-Supported,Tablet,Telco-Bundle,9
542,374,Ad-Supported,Web,Telco-Bundle,12
543,305,Premium,Mobile,Telco-Bundle,10
544,75,Ad-Supported,Web,Telco-Bundle,2
545,329,Ad-Supported,Web,Organic,10
546,43,Ad-Supported,CTV,Paid-Social,1
547,235,Ad-Supported,Mobile,Organic,7
548,199,Ad-Supported,Web,Referral,6
549,212,Premium,Mobile,Telco-Bundle,7
550,208,Ad-Supported,Mobile,Paid-Social,6
551,13,Ad-Supported,Mobile,Organic,0
552,203,Ad-Supported,Mobile,Paid-Social,6
553,374,Ad-Supported,CTV,Organic,12
554,175,Ad-Supported,Mobile,Telco-Bundle,5
555,111,Premium,CTV,Telco-Bundle,3
556,397,Ad-Supported,Mobile,Paid-Social,13
557,40,Ad-Supported,Web,Organic,1
558,195,Premium,Mobile,Paid-Social,6
559,205,Ad-Supported,Web,Paid-Social,6
560,191,Premium,Web,Telco-Bundle,6
561,368,Ad-Supported,Mobile,Telco-Bundle,12
562,169,Ad-Supported,CTV,Telco-Bundle,5
563,389,Premium,Mobile,Organic,12
564,27,Ad-Supported,Web,Organic,0
565,293,Ad-Supported,CTV,Referral,9
566,237,Ad-Supported,Mobile,Referral,7
567,96,Premium,Mobile,Organic,3
568,91,Ad-Supported,Mobile,Telco-Bundle,3
569,288,Ad-Supported,Web,Paid-Social,9
570,255,Premium,Web,Organic,8
571,244,Premium,Mobile,Referral,8
572,21,Ad-Supported,Mobile,Referral,0
573,239,Ad-Supported,Mobile,Referral,7
574,392,Ad-Supported,CTV,Organic,13
575,7,Ad-Supported,Mobile,Paid-Social,0
576,188,Ad-Supported,Mobile,Telco-Bundle,6
577,198,Ad-Supported,Web,Telco-Bundle,6
578,358,Ad-Supported,Mobile,Paid-Social,11
579,113,Ad-Supported,CTV,Paid-Social,3
580,190,Premium,Mobile,Organic,6
581,287,Ad-Supported,Mobile,Telco-Bundle,9
582,25,Premium,CTV,Telco-Bundle,0
583,320,Premium,Mobile,Organic,10
584,329,Ad-Supported,Mobile,Organic,10
585,288,Premium,Tablet,Paid-Social,9
586,259,Premium,Web,Paid-Social,8
587,299,Ad-Supported,CTV,Organic,9
588,312,Premium,Mobile,Organic,10
589,361,Ad-Supported,Mobile,Telco-Bundle,12
590,171,Premium,Mobile,Organic,5
591,182,Ad-Supported,Tablet,Telco-Bundle,6
592,255,Ad-Supported,Web,Paid-Social,8
593,78,Ad-Supported,CTV,Paid-Social,2
594,342,Premium,Tablet,Paid-Social,11
595,308,Ad-Supported,Mobile,Telco-Bundle,10
596,252,Ad-Supported,CTV,Paid-Social,8
597,121,Ad-Supported,Mobile,Paid-Social,4
598,139,Ad-Supported,Mobile,Paid-Social,4
599,174,Premium,Tablet,Paid-Social,5
600,265,Premium,Web,Paid-Social,8
601,311,Ad-Supported,Mobile,Paid-Social,10
602,269,Ad-Supported,Mobile,Paid-Social,8
603,372,Ad-Supported,CTV,Organic,12
604,384,Ad-Supported,Mobile,Telco-Bundle,12
605,282,Premium,CTV,Organic,9
606,148,Premium,CTV,Referral,4
607,240,Ad-Supported,Mobile,Telco-Bundle,8
608,170,Ad-Supported,Mobile,Organic,5
609,252,Ad-Supported,Mobile,Telco-Bundle,8
610,325,Ad-Supported,Tablet,Paid-Social,10
611,148,Ad-Supported,Mobile,Referral,4
612,202,Premium,CTV,Referral,6
613,19,Ad-Supported,Mobile,Telco-Bundle,0
614,294,Premium,CTV,Paid-Social,9
615,196,Ad-Supported,Mobile,Referral,6
616,184,Ad-Supported,Mobile,Telco-Bundle,6
617,213,Ad-Supported,CTV,Telco-Bundle,7
618,86,Ad-Supported,CTV,Organic,2
619,239,Ad-Supported,Mobile,Referral,7
620,298,Ad-Supported,Mobile,Telco-Bundle,9
621,140,Premium,Tablet,Organic,4
622,53,Ad-Supported,Mobile,Referral,1
623,155,Premium,Mobile,Telco-Bundle,5
624,80,Premium,Mobile,Referral,2
625,150,Ad-Supported,Mobile,Organic,5
626,251,Ad-Supported,CTV,Paid-Social,8
627,46,Ad-Supported,CTV,Telco-Bundle,1
628,299,Ad-Supported,CTV,Organic,9
629,90,Premium,CTV,Telco-Bundle,3
630,357,Premium,Mobile,Telco-Bundle,11
631,293,Ad-Supported,Web,Organic,9
632,109,Ad-Supported,Mobile,Telco-Bundle,3
633,225,Premium,Mobile,Organic,7
634,45,Premium,CTV,Telco-Bundle,1
635,40,Ad-Supported,Mobile,Telco-Bundle,1
636,382,Premium,Mobile,Paid-Social,12
637,321,Ad-Supported,Mobile,Paid-Social,10
638,62,Ad-Supported,CTV,Paid-Social,2
639,113,Ad-Supported,Mobile,Organic,3
640,79,Ad-Supported,CTV,Telco-Bundle,2
641,158,Premium,Web,Organic,5
642,117,Ad-Supported,CTV,Paid-Social,3
643,131,Ad-Supported,Mobile,Organic,4
644,212,Ad-Supported,Web,Telco-Bundle,7
645,76,Ad-Supported,Mobile,Telco-Bundle,2
646,353,Ad-Supported,Web,Organic,11
647,291,Ad-Supported,CTV,Organic,9
648,304,Premium,Mobile,Organic,10
649,68,Ad-Supported,Web,Organic,2
650,283,Premium,CTV,Paid-Social,9
651,334,Ad-Supported,Mobile,Telco-Bundle,11
652,70,Premium,Mobile,Paid-Social,2
653,300,Premium,CTV,Organic,10
654,143,Ad-Supported,CTV,Telco-Bundle,4
655,315,Ad-Supported,Web,Telco-Bundle,10
656,191,Premium,Mobile,Paid-Social,6
657,321,Ad-Supported,CTV,Organic,10
658,59,Premium,CTV,Telco-Bundle,1
659,156,Ad-Supported,CTV,Organic,5
660,110,Ad-Supported,Mobile,Telco-Bundle,3
661,100,Ad-Supported,Mobile,Telco-Bundle,3
662,124,Premium,Web,Telco-Bundle,4
663,153,Ad-Supported,Mobile,Organic,5
664,51,Premium,Mobile,Organic,1
665,283,Premium,CTV,Telco-Bundle,9
666,220,Ad-Supported,Mobile,Paid-Social,7
667,331,Ad-Supported,Mobile,Paid-Social,11
668,282,Ad-Supported,Mobile,Paid-Social,9
669,60,Ad-Supported,CTV,Organic,2
670,28,Premium,Tablet,Telco-Bundle,0
671,169,Ad-Supported,Mobile,Referral,5
672,192,Ad-Supported,Mobile,Telco-Bundle,6
673,96,Premium,Web,Paid-Social,3
674,313,Ad-Supported,Mobile,Referral,10
675,233,Ad-Supported,Tablet,Telco-Bundle,7
676,299,Ad-Supported,CTV,Organic,9
677,44,Ad-Supported,Mobile,Telco-Bundle,1
678,326,Premium,Mobile,Organic,10
679,83,Ad-Supported,Mobile,Organic,2
680,179,Ad-Supported,Web,Telco-Bundle,5
681,176,Ad-Supported,Mobile,Organic,5
682,328,Ad-Supported,Web,Organic,10
683,111,Ad-Supported,Web,Telco-Bundle,3
684,97,Ad-Supported,Web,Organic,3
685,136,Premium,Web,Paid-Social,4
686,144,Premium,Mobile,Organic,4
687,73,Ad-Supported,CTV,Telco-Bundle,2
688,71,Premium,Web,Telco-Bundle,2
689,93,Ad-Supported,Mobile,Organic,3
690,187,Premium,Mobile,Telco-Bundle,6
691,137,Ad-Supported,Mobile,Organic,4
692,157,Ad-Supported,Mobile,Organic,5
693,287,Ad-Supported,Web,Paid-Social,9
694,97,Ad-Supported,Mobile,Organic,3
695,364,Premium,CTV,Organic,12
696,300,Ad-Supported,Tablet,Telco-Bundle,10
697,70,Ad-Supported,Mobile,Telco-Bundle,2
698,126,Ad-Supported,Web,Referral,4
699,74,Premium,Mobile,Referral,2
700,109,Premium,Mobile,Paid-Social,3
701,146,Ad-Supported,Mobile,Organic,4
702,53,Ad-Supported,Mobile,Organic,1
703,6,Ad-Supported,Mobile,Paid-Social,0
704,176,Premium,Mobile,Telco-Bundle,5
705,280,Premium,Mobile,Organic,9
706,121,Ad-Supported,Mobile,Organic,4
707,344,Premium,CTV,Paid-Social,11
708,148,Ad-Supported,Mobile,Telco-Bundle,4
709,360,Premium,Web,Paid-Social,12
710,95,Ad-Supported,Web,Telco-Bundle,3
711,216,Ad-Supported,CTV,Paid-Social,7
712,305,Ad-Supported,CTV,Paid-Social,10
713,24,Ad-Supported,CTV,Paid-Social,0
714,372,Premium,CTV,Telco-Bundle,12
715,146,Ad-Supported,Tablet,Telco-Bundle,4
716,199,Premium,Tablet,Paid-Social,6
717,251,Premium,Mobile,Organic,8
718,257,Premium,CTV,Organic,8
719,10,Premium,Web,Organic,0
720,347,Ad-Supported,Mobile,Organic,11
721,249,Ad-Supported,CTV,Organic,8
722,399,Ad-Supported,CTV,Telco-Bundle,13
723,189,Ad-Supported,CTV,Telco-Bundle,6
724,245,Premium,Mobile,Telco-Bundle,8
725,176,Ad-Supported,Mobile,Telco-Bundle,5
726,356,Ad-Supported,Mobile,Referral,11
727,333,Ad-Supported,CTV,Referral,11
728,363,Ad-Supported,Web,Organic,12
729,202,Premium,Web,Organic,6
730,316,Ad-Supported,Mobile,Organic,10
731,144,Premium,Mobile,Telco-Bundle,4
732,184,Premium,Web,Organic,6
733,304,Premium,CTV,Organic,10
734,33,Ad-Supported,CTV,Paid-Social,1
735,284,Premium,Mobile,Telco-Bundle,9
736,7,Ad-Supported,Mobile,Paid-Social,0
737,232,Ad-Supported,Web,Telco-Bundle,7
738,191,Premium,CTV,Paid-Social,6
739,188,Premium,Mobile,Telco-Bundle,6
740,198,Ad-Supported,Web,Organic,6
741,197,Premium,CTV,Telco-Bundle,6
742,163,Ad-Supported,Web,Paid-Social,5
743,181,Ad-Supported,Mobile,Organic,6
744,227,Premium,Mobile,Referral,7
745,305,Ad-Supported,Tablet,Referral,10
746,221,Premium,Tablet,Telco-Bundle,7
747,257,Ad-Supported,Tablet,Referral,8
748,334,Premium,Web,Paid-Social,11
749,395,Premium,Mobile,Organic,13
750,44,Premium,Mobile,Organic,1
751,285,Ad-Supported,Mobile,Telco-Bundle,9
752,90,Premium,Tablet,Telco-Bundle,3
753,79,Ad-Supported,Mobile,Referral,2
754,317,Premium,Web,Telco-Bundle,10
755,28,Ad-Supported,Web,Telco-Bundle,0
756,339,Ad-Supported,Tablet,Organic,11
757,308,Premium,Tablet,Organic,10
758,397,Ad-Supported,CTV,Paid-Social,13
759,267,Ad-Supported,Mobile,Telco-Bundle,8
760,349,Premium,Tablet,Organic,11
761,48,Ad-Supported,Mobile,Referral,1
762,356,Ad-Supported,Mobile,Telco-Bundle,11
763,64,Ad-Supported,Tablet,Organic,2
764,126,Ad-Supported,CTV,Telco-Bundle,4
765,52,Ad-Supported,CTV,Paid-Social,1
766,161,Ad-Supported,Mobile,Telco-Bundle,5
767,299,Ad-Supported,CTV,Paid-Social,9
768,107,Ad-Supported,Tablet,Paid-Social,3
769,329,Ad-Supported,CTV,Organic,10
770,242,Premium,Mobile,Paid-Social,8
771,251,Premium,CTV,Telco-Bundle,8
772,375,Ad-Supported,Web,Referral,12
773,173,Ad-Supported,Web,Telco-Bundle,5
774,138,Premium,Mobile,Organic,4
775,397,Ad-Supported,CTV,Referral,13
776,223,Ad-Supported,Mobile,Organic,7
777,246,Ad-Supported,Mobile,Organic,8
778,119,Ad-Supported,Mobile,Telco-Bundle,3
779,86,Premium,CTV,Referral,2
780,68,Premium,CTV,Referral,2
781,90,Premium,Mobile,Telco-Bundle,3
782,78,Ad-Supported,Mobile,Organic,2
783,298,Ad-Supported,Mobile,Organic,9
784,24,Ad-Supported,Mobile,Organic,0
785,252,Ad-Supported,CTV,Paid-Social,8
786,379,Ad-Supported,Mobile,Paid-Social,12
787,306,Premium,Mobile,Organic,10
788,161,Ad-Supported,Tablet,Paid-Social,5
789,24,Premium,Mobile,Paid-Social,0
790,333,Ad-Supported,Web,Telco-Bundle,11
791,2,Ad-Supported,CTV,Paid-Social,0
792,272,Premium,CTV,Organic,9
793,268,Premium,CTV,Telco-Bundle,8
794,77,Ad-Supported,Mobile,Telco-Bundle,2
795,296,Ad-Supported,Web,Organic,9
796,71,Ad-Supported,Web,Organic,2
797,91,Ad-Supported,Mobile,Referral,3
798,324,Ad-Supported,Web,Telco-Bundle,10
799,391,Ad-Supported,CTV,Organic,13
800,106,Ad-Supported,Web,Paid-Social,3
801,368,Ad-Supported,Web,Paid-Social,12
802,365,Premium,Mobile,Organic,12
803,307,Premium,Web,Organic,10
804,56,Ad-Supported,Tablet,Referral,1
805,120,Ad-Supported,CTV,Paid-Social,4
806,271,Ad-Supported,Mobile,Organic,9
807,399,Premium,Web,Telco-Bundle,13
808,325,Premium,CTV,Paid-Social,10
809,168,Premium,Mobile,Telco-Bundle,5
810,94,Ad-Supported,Web,Organic,3
811,384,Ad-Supported,CTV,Organic,12
812,111,Ad-Supported,Web,Organic,3
813,137,Ad-Supported,CTV,Referral,4
814,385,Premium,Mobile,Telco-Bundle,12
815,225,Ad-Supported,Tablet,Telco-Bundle,7
816,106,Ad-Supported,CTV,Organic,3
817,3,Ad-Supported,CTV,Telco-Bundle,0
818,172,Ad-Supported,Mobile,Paid-Social,5
819,394,Ad-Supported,Mobile,Telco-Bundle,13
820,173,Ad-Supported,CTV,Paid-Social,5
821,280,Premium,Mobile,Telco-Bundle,9
822,101,Premium,Tablet,Organic,3
823,310,Premium,Tablet,Organic,10
824,310,Premium,Web,Telco-Bundle,10
825,243,Premium,Mobile,Organic,8
826,308,Ad-Supported,CTV,Organic,10
827,231,Ad-Supported,Mobile,Referral,7
828,151,Ad-Supported,Web,Organic,5
829,295,Ad-Supported,Mobile,Paid-Social,9
830,334,Ad-Supported,Tablet,Telco-Bundle,11
831,336,Ad-Supported,Mobile,Telco-Bundle,11
832,86,Premium,Mobile,Organic,2
833,270,Ad-Supported,Tablet,Paid-Social,9
834,2,Ad-Supported,CTV,Paid-Social,0
835,229,Ad-Supported,Web,Paid-Social,7
836,228,Ad-Supported,Web,Telco-Bundle,7
837,146,Premium,CTV,Referral,4
838,397,Ad-Supported,Mobile,Organic,13
839,353,Premium,CTV,Organic,11
840,16,Premium,Web,Telco-Bundle,0
841,84,Ad-Supported,Tablet,Paid-Social,2
842,83,Ad-Supported,Mobile,Telco-Bundle,2
843,359,Ad-Supported,CTV,Organic,11
844,208,Ad-Supported,Mobile,Organic,6
845,291,Ad-Supported,CTV,Telco-Bundle,9
846,324,Premium,Web,Referral,10
847,307,Ad-Supported,Web,Organic,10
848,36,Premium,Mobile,Telco-Bundle,1
849,56,Ad-Supported,Mobile,Paid-Social,1
850,158,Premium,Mobile,Organic,5
851,136,Ad-Supported,Mobile,Paid-Social,4
852,299,Ad-Supported,Mobile,Organic,9
853,63,Ad-Supported,Web,Telco-Bundle,2
854,149,Ad-Supported,Mobile,Organic,4
855,95,Premium,Mobile,Paid-Social,3
856,76,Ad-Supported,CTV,Organic,2
857,69,Ad-Supported,Mobile,Telco-Bundle,2
858,79,Ad-Supported,Mobile,Referral,2
859,226,Ad-Supported,Tablet,Paid-Social,7
860,164,Ad-Supported,Mobile,Paid-Social,5
861,174,Ad-Supported,Mobile,Referral,5
862,192,Ad-Supported,CTV,Organic,6
863,296,Ad-Supported,Mobile,Telco-Bundle,9
864,344,Ad-Supported,Mobile,Paid-Social,11
865,211,Premium,Mobile,Telco-Bundle,7
866,257,Ad-Supported,Mobile,Organic,8
867,295,Premium,Web,Organic,9
868,276,Ad-Supported,Mobile,Organic,9
869,54,Ad-Supported,Mobile,Organic,1
870,393,Ad-Supported,Mobile,Organic,13
871,66,Ad-Supported,Tablet,Referral,2
872,165,Ad-Supported,Mobile,Organic,5
873,261,Ad-Supported,Web,Organic,8
874,161,Ad-Supported,Mobile,Organic,5
875,98,Premium,Tablet,Paid-Social,3
876,369,Ad-Supported,Mobile,Paid-Social,12
877,29,Ad-Supported,Mobile,Organic,0
878,99,Ad-Supported,CTV,Telco-Bundle,3
879,397,Ad-Supported,Mobile,Telco-Bundle,13
880,292,Premium,Web,Organic,9
881,35,Ad-Supported,CTV,Telco-Bundle,1
882,302,Ad-Supported,CTV,Paid-Social,10
883,387,Ad-Supported,Mobile,Paid-Social,12
884,40,Ad-Supported,CTV,Referral,1
885,166,Premium,Mobile,Telco-Bundle,5
886,187,Ad-Supported,Tablet,Paid-Social,6
887,53,Premium,CTV,Paid-Social,1
888,81,Ad-Supported,CTV,Organic,2
889,70,Premium,Web,Paid-Social,2
890,74,Ad-Supported,CTV,Telco-Bundle,2
891,162,Ad-Supported,CTV,Organic,5
892,186,Premium,Mobile,Referral,6
893,95,Ad-Supported,CTV,Telco-Bundle,3
894,116,Ad-Supported,Mobile,Organic,3
895,77,Premium,Mobile,Telco-Bundle,2
896,318,Ad-Supported,Web,Telco-Bundle,10
897,85,Premium,Mobile,Organic,2
898,363,Premium,CTV,Paid-Social,12
899,216,Premium,Mobile,Telco-Bundle,7
900,321,Premium,Mobile,Referral,10
901,254,Ad-Supported,Web,Organic,8
902,107,Ad-Supported,Mobile,Telco-Bundle,3
903,240,Ad-Supported,CTV,Telco-Bundle,8
904,110,Ad-Supported,CTV,Referral,3
905,48,Premium,Web,Organic,1
906,102,Ad-Supported,Mobile,Paid-Social,3
907,110,Ad-Supported,Web,Telco-Bundle,3
908,54,Ad-Supported,Mobile,Organic,1
909,10,Ad-Supported,Mobile,Paid-Social,0
910,377,Premium,Mobile,Paid-Social,12
911,205,Ad-Supported,Mobile,Paid-Social,6
912,161,Ad-Supported,CTV,Telco-Bundle,5
913,372,Premium,Mobile,Organic,12
914,90,Premium,Mobile,Telco-Bundle,3
915,161,Ad-Supported,CTV,Organic,5
916,338,Premium,Mobile,Telco-Bundle,11
917,253,Ad-Supported,Mobile,Paid-Social,8
918,160,Premium,Mobile,Organic,5
919,103,Ad-Supported,Mobile,Referral,3
920,15,Ad-Supported,CTV,Telco-Bundle,0
921,34,Premium,Web,Organic,1
922,65,Ad-Supported,CTV,Organic,2
923,314,Ad-Supported,CTV,Paid-Social,10
924,256,Ad-Supported,Mobile,Referral,8
925,173,Ad-Supported,Tablet,Organic,5
926,313,Ad-Supported,Mobile,Referral,10
927,65,Ad-Supported,Mobile,Organic,2
928,85,Ad-Supported,Mobile,Telco-Bundle,2
929,157,Premium,Mobile,Paid-Social,5
930,367,Premium,Web,Organic,12
931,246,Ad-Supported,Mobile,Referral,8
932,340,Ad-Supported,Mobile,Organic,11
933,100,Ad-Supported,Mobile,Referral,3
934,339,Ad-Supported,Tablet,Organic,11
935,29,Premium,Web,Organic,0
936,91,Ad-Supported,Web,Referral,3
937,209,Ad-Supported,Web,Telco-Bundle,6
938,21,Ad-Supported,Web,Organic,0
939,343,Ad-Supported,Mobile,Paid-Social,11
940,347,Premium,Mobile,Organic,11
941,217,Premium,Mobile,Telco-Bundle,7
942,123,Ad-Supported,Mobile,Organic,4
943,40,Ad-Supported,CTV,Paid-Social,1
944,247,Premium,Mobile,Organic,8
945,215,Ad-Supported,Mobile,Telco-Bundle,7
946,304,Premium,CTV,Referral,10
947,241,Premium,Mobile,Telco-Bundle,8
948,52,Ad-Supported,Mobile,Paid-Social,1
949,49,Premium,Mobile,Organic,1
950,312,Ad-Supported,CTV,Organic,10
951,64,Premium,Mobile,Telco-Bundle,2
952,375,Ad-Supported,Mobile,Organic,12
953,43,Ad-Supported,Mobile,Telco-Bundle,1
954,291,Ad-Supported,Web,Paid-Social,9
955,390,Ad-Supported,Mobile,Referral,13
956,177,Ad-Supported,Mobile,Paid-Social,5
957,23,Ad-Supported,Web,Paid-Social,0
958,350,Ad-Supported,Web,Referral,11
959,75,Ad-Supported,Mobile,Referral,2
960,211,Ad-Supported,Mobile,Paid-Social,7
961,393,Premium,Mobile,Telco-Bundle,13
962,298,Premium,CTV,Telco-Bundle,9
963,19,Ad-Supported,Mobile,Paid-Social,0
964,328,Ad-Supported,Tablet,Organic,10
965,65,Premium,Web,Telco-Bundle,2
966,299,Premium,CTV,Telco-Bundle,9
967,248,Ad-Supported,Mobile,Organic,8
968,115,Premium,Web,Organic,3
969,170,Ad-Supported,CTV,Telco-Bundle,5
970,48,Ad-Supported,Web,Organic,1
971,394,Premium,Mobile,Telco-Bundle,13
972,96,Premium,CTV,Telco-Bundle,3
973,124,Premium,Web,Paid-Social,4
974,201,Ad-Supported,Tablet,Organic,6
975,269,Ad-Supported,CTV,Paid-Social,8
976,202,Ad-Supported,CTV,Paid-Social,6
977,202,Ad-Supported,Mobile,Telco-Bundle,6
978,233,Ad-Supported,CTV,Telco-Bundle,7
979,343,Ad-Supported,Web,Telco-Bundle,11
980,158,Ad-Supported,CTV,Organic,5
981,333,Premium,Mobile,Telco-Bundle,11
982,314,Ad-Supported,Mobile,Organic,10
983,384,Ad-Supported,CTV,Telco-Bundle,12
984,365,Premium,Web,Organic,12
985,319,Ad-Supported,Mobile,Paid-Social,10
986,99,Premium,Mobile,Paid-Social,3
987,309,Ad-Supported,Tablet,Organic,10
988,294,Ad-Supported,CTV,Referral,9
989,116,Premium,Mobile,Organic,3
990,271,Ad-Supported,Mobile,Organic,9
991,101,Ad-Supported,Mobile,Telco-Bundle,3
992,209,Premium,Mobile,Paid-Social,6
993,318,Ad-Supported,CTV,Organic,10
994,76,Premium,CTV,Organic,2
995,135,Premium,CTV,Organic,4
996,318,Premium,CTV,Telco-Bundle,10
997,182,Ad-Supported,Mobile,Paid-Social,6
998,384,Ad-Supported,Mobile,Organic,12
999,4,Premium,Mobile,Paid-Social,0
1000,289,Ad-Supported,Mobile,Referral,9
1001,325,Ad-Supported,CTV,Telco-Bundle,10
1002,367,Ad-Supported,Mobile,Organic,12
1003,63,Ad-Supported,CTV,Telco-Bundle,2
1004,393,Ad-Supported,Mobile,Organic,13
1005,157,Ad-Supported,Mobile,Organic,5
1006,141,Ad-Supported,Mobile,Telco-Bundle,4
1007,142,Ad-Supported,CTV,Telco-Bundle,4
1008,255,Premium,CTV,Organic,8
1009,264,Ad-Supported,Web,Telco-Bundle,8
1010,190,Ad-Supported,Mobile,Telco-Bundle,6
1011,29,Ad-Supported,CTV,Telco-Bundle,0
1012,394,Ad-Supported,Web,Telco-Bundle,13
1013,89,Premium,Mobile,Paid-Social,2
1014,38,Premium,Mobile,Referral,1
1015,239,Ad-Supported,Mobile,Organic,7
1016,165,Ad-Supported,Mobile,Paid-Social,5
1017,246,Ad-Supported,Web,Organic,8
1018,350,Ad-Supported,Mobile,Telco-Bundle,11
1019,39,Ad-Supported,CTV,Organic,1
1020,114,Ad-Supported,Web,Paid-Social,3
1021,207,Ad-Supported,Mobile,Telco-Bundle,6
1022,315,Ad-Supported,CTV,Organic,10
1023,240,Ad-Supported,Mobile,Organic,8
1024,153,Ad-Supported,Mobile,Organic,5
1025,244,Ad-Supported,Mobile,Telco-Bundle,8
1026,392,Ad-Supported,Mobile,Organic,13
1027,192,Ad-Supported,Mobile,Paid-Social,6
1028,353,Ad-Supported,CTV,Paid-Social,11
1029,312,Ad-Supported,CTV,Referral,10
1030,121,Ad-Supported,CTV,Telco-Bundle,4
1031,100,Premium,Mobile,Organic,3
1032,308,Premium,Tablet,Telco-Bundle,10
1033,83,Ad-Supported,Mobile,Telco-Bundle,2
1034,135,Ad-Supported,Web,Telco-Bundle,4
1035,94,Premium,CTV,Paid-Social,3
1036,242,Premium,CTV,Organic,8
1037,118,Ad-Supported,Mobile,Telco-Bundle,3
1038,263,Ad-Supported,Web,Paid-Social,8
1039,374,Ad-Supported,CTV,Organic,12
1040,332,Ad-Supported,Mobile,Organic,11
1041,379,Ad-Supported,Web,Organic,12
1042,10,Ad-Supported,Mobile,Telco-Bundle,0
1043,182,Ad-Supported,CTV,Organic,6
1044,88,Ad-Supported,CTV,Telco-Bundle,2
1045,367,Ad-Supported,Web,Telco-Bundle,12
1046,285,Premium,Mobile,Organic,9
1047,128,Ad-Supported,Mobile,Organic,4
1048,225,Ad-Supported,Mobile,Organic,7
1049,242,Ad-Supported,Mobile,Paid-Social,8
1050,198,Premium,CTV,Telco-Bundle,6
1051,190,Ad-Supported,Mobile,Telco-Bundle,6
1052,23,Ad-Supported,Web,Telco-Bundle,0
1053,181,Ad-Supported,Mobile,Referral,6
1054,139,Premium,Mobile,Organic,4
1055,327,Premium,Mobile,Telco-Bundle,10
1056,346,Premium,Mobile,Paid-Social,11
1057,300,Ad-Supported,Mobile,Paid-Social,10
1058,13,Ad-Supported,Mobile,Organic,0
1059,336,Ad-Supported,Mobile,Organic,11
1060,159,Ad-Supported,Mobile,Telco-Bundle,5
1061,167,Premium,CTV,Telco-Bundle,5
1062,378,Ad-Supported,Web,Organic,12
1063,347,Ad-Supported,CTV,Organic,11
1064,21,Premium,Mobile,Paid-Social,0
1065,144,Ad-Supported,Mobile,Telco-Bundle,4
1066,300,Ad-Supported,Mobile,Paid-Social,10
1067,215,Ad-Supported,CTV,Organic,7
1068,103,Premium,CTV,Organic,3
1069,210,Premium,Mobile,Telco-Bundle,7
1070,346,Ad-Supported,Mobile,Telco-Bundle,11
1071,90,Premium,Mobile,Organic,3
1072,298,Premium,Mobile,Paid-Social,9
1073,294,Premium,Tablet,Paid-Social,9
1074,354,Premium,Mobile,Telco-Bundle,11
1075,119,Ad-Supported,Mobile,Organic,3
1076,87,Premium,Mobile,Telco-Bundle,2
1077,219,Ad-Supported,Mobile,Referral,7
1078,212,Premium,Mobile,Paid-Social,7
1079,164,Ad-Supported,Mobile,Organic,5
1080,311,Premium,Mobile,Organic,10
1081,319,Premium,Mobile,Organic,10
1082,99,Ad-Supported,CTV,Referral,3
1083,318,Premium,CTV,Referral,10
1084,93,Ad-Supported,Mobile,Organic,3
1085,163,Ad-Supported,Web,Referral,5
1086,11,Ad-Supported,Mobile,Organic,0
1087,136,Premium,Tablet,Paid-Social,4
1088,383,Ad-Supported,Tablet,Telco-Bundle,12
1089,177,Ad-Supported,Mobile,Paid-Social,5
1090,284,Ad-Supported,Mobile,Paid-Social,9
1091,44,Ad-Supported,Web,Telco-Bundle,1
1092,254,Ad-Supported,Mobile,Organic,8
1093,149,Premium,Mobile,Referral,4
1094,297,Premium,CTV,Organic,9
1095,371,Premium,Mobile,Organic,12
1096,213,Ad-Supported,Web,Referral,7
1097,42,Premium,CTV,Paid-Social,1
1098,190,Ad-Supported,Web,Paid-Social,6
1099,50,Ad-Supported,CTV,Organic,1
1100,180,Ad-Supported,CTV,Organic,6
1101,25,Ad-Supported,CTV,Organic,0
1102,256,Ad-Supported,Tablet,Paid-Social,8
1103,124,Premium,Tablet,Paid-Social,4
1104,81,Ad-Supported,Web,Paid-Social,2
1105,7,Ad-Supported,Web,Telco-Bundle,0
1106,355,Premium,CTV,Referral,11
1107,335,Premium,Mobile,Organic,11
1108,324,Ad-Supported,Web,Referral,10
1109,24,Ad-Supported,Mobile,Telco-Bundle,0
1110,140,Ad-Supported,Mobile,Referral,4
1111,388,Ad-Supported,Mobile,Telco-Bundle,12
1112,231,Ad-Supported,CTV,Organic,7
1113,52,Ad-Supported,CTV,Organic,1
1114,57,Premium,Mobile,Referral,1
1115,105,Ad-Supported,Mobile,Paid-Social,3
1116,388,Ad-Supported,Mobile,Telco-Bundle,12
1117,68,Ad-Supported,Mobile,Telco-Bundle,2
1118,361,Premium,Mobile,Organic,12
1119,271,Ad-Supported,CTV,Paid-Social,9
1120,368,Ad-Supported,Mobile,Referral,12
1121,330,Ad-Supported,Mobile,Organic,11
1122,133,Premium,Mobile,Telco-Bundle,4
1123,331,Premium,CTV,Referral,11
1124,68,Ad-Supported,Web,Organic,2
1125,117,Ad-Supported,Mobile,Organic,3
1126,85,Ad-Supported,Mobile,Paid-Social,2
1127,54,Ad-Supported,CTV,Telco-Bundle,1
1128,36,Premium,Mobile,Paid-Social,1
1129,75,Ad-Supported,Web,Organic,2
1130,48,Ad-Supported,Tablet,Organic,1
1131,152,Premium,CTV,Paid-Social,5
1132,29,Premium,Tablet,Organic,0
1133,25,Ad-Supported,Mobile,Organic,0
1134,395,Ad-Supported,Mobile,Telco-Bundle,13
1135,35,Ad-Supported,Mobile,Organic,1
1136,30,Premium,Mobile,Telco-Bundle,1
1137,13,Premium,Mobile,Referral,0
1138,53,Premium,Mobile,Telco-Bundle,1
1139,211,Premium,CTV,Telco-Bundle,7
1140,331,Ad-Supported,Mobile,Organic,11
1141,294,Ad-Supported,CTV,Paid-Social,9
1142,232,Ad-Supported,Mobile,Paid-Social,7
1143,34,Premium,Mobile,Organic,1
1144,309,Ad-Supported,Mobile,Paid-Social,10
1145,15,Ad-Supported,CTV,Organic,0
1146,252,Ad-Supported,CTV,Organic,8
1147,164,Premium,CTV,Telco-Bundle,5
1148,352,Premium,Mobile,Paid-Social,11
1149,123,Premium,Mobile,Organic,4
1150,255,Ad-Supported,Tablet,Organic,8
1151,176,Premium,Mobile,Organic,5
1152,209,Premium,Mobile,Paid-Social,6
1153,375,Premium,Mobile,Paid-Social,12
1154,285,Premium,Mobile,Organic,9
1155,166,Premium,Mobile,Telco-Bundle,5
1156,179,Premium,Mobile,Referral,5
1157,282,Ad-Supported,CTV,Paid-Social,9
1158,139,Ad-Supported,Web,Paid-Social,4
1159,67,Ad-Supported,Mobile,Telco-Bundle,2
1160,187,Premium,Mobile,Telco-Bundle,6
1161,28,Premium,Web,Referral,0
1162,68,Ad-Supported,Mobile,Organic,2
1163,168,Ad-Supported,Web,Organic,5
1164,318,Premium,Mobile,Organic,10
1165,312,Premium,CTV,Telco-Bundle,10
1166,105,Premium,Web,Organic,3
1167,169,Ad-Supported,Mobile,Referral,5
1168,62,Premium,Web,Organic,2
1169,302,Premium,CTV,Telco-Bundle,10
1170,99,Ad-Supported,Web,Organic,3
1171,320,Ad-Supported,Mobile,Paid-Social,10
1172,336,Premium,Mobile,Paid-Social,11
1173,275,Ad-Supported,Mobile,Telco-Bundle,9
1174,132,Ad-Supported,Tablet,Paid-Social,4
1175,381,Premium,Mobile,Paid-Social,12
1176,274,Premium,Mobile,Telco-Bundle,9
1177,258,Ad-Supported,Web,Referral,8
1178,342,Premium,Mobile,Telco-Bundle,11
1179,352,Ad-Supported,CTV,Telco-Bundle,11
1180,32,Premium,Mobile,Paid-Social,1
1181,352,Ad-Supported,CTV,Referral,11
1182,306,Premium,Mobile,Paid-Social,10
1183,83,Premium,Mobile,Referral,2
1184,123,Ad-Supported,CTV,Telco-Bundle,4
1185,301,Ad-Supported,Mobile,Organic,10
1186,87,Premium,Mobile,Organic,2
1187,181,Ad-Supported,Mobile,Telco-Bundle,6
1188,275,Ad-Supported,CTV,Telco-Bundle,9
1189,260,Ad-Supported,Mobile,Telco-Bundle,8
1190,364,Premium,Mobile,Referral,12
1191,45,Ad-Supported,Mobile,Paid-Social,1
1192,118,Ad-Supported,Mobile,Organic,3
1193,393,Premium,CTV,Paid-Social,13
1194,227,Ad-Supported,Mobile,Organic,7
1195,100,Ad-Supported,Web,Paid-Social,3
1196,116,Ad-Supported,CTV,Referral,3
1197,136,Ad-Supported,Web,Organic,4
1198,222,Ad-Supported,CTV,Telco-Bundle,7
1199,114,Premium,Mobile,Telco-Bundle,3
1200,249,Ad-Supported,Tablet,Organic,8
1201,178,Premium,Web,Telco-Bundle,5
1202,244,Ad-Supported,CTV,Telco-Bundle,8
1203,62,Ad-Supported,Mobile,Paid-Social,2
1204,249,Ad-Supported,Mobile,Organic,8
1205,369,Ad-Supported,CTV,Organic,12
1206,54,Premium,Mobile,Telco-Bundle,1
1207,131,Ad-Supported,CTV,Organic,4
1208,277,Ad-Supported,Mobile,Organic,9
1209,247,Ad-Supported,CTV,Referral,8
1210,270,Premium,Mobile,Telco-Bundle,9
1211,224,Ad-Supported,Mobile,Telco-Bundle,7
1212,273,Premium,Mobile,Referral,9
1213,244,Ad-Supported,Web,Organic,8
1214,30,Ad-Supported,CTV,Organic,1
1215,300,Premium,Tablet,Telco-Bundle,10
1216,179,Ad-Supported,CTV,Paid-Social,5
1217,21,Ad-Supported,Web,Organic,0
1218,164,Premium,CTV,Telco-Bundle,5
1219,174,Ad-Supported,Web,Organic,5
1220,35,Ad-Supported,Tablet,Paid-Social,1
1221,398,Ad-Supported,CTV,Paid-Social,13
1222,89,Ad-Supported,Mobile,Telco-Bundle,2
1223,132,Premium,CTV,Organic,4
1224,176,Ad-Supported,Mobile,Organic,5
1225,333,Premium,Mobile,Telco-Bundle,11
1226,297,Premium,CTV,Referral,9
1227,308,Premium,Web,Paid-Social,10
1228,95,Premium,Mobile,Organic,3
1229,338,Premium,Mobile,Paid-Social,11
1230,332,Ad-Supported,Web,Organic,11
1231,186,Ad-Supported,Mobile,Organic,6
1232,218,Ad-Supported,Mobile,Organic,7
1233,15,Premium,CTV,Organic,0
1234,304,Ad-Supported,Web,Organic,10
1235,384,Premium,CTV,Organic,12
1236,189,Ad-Supported,CTV,Telco-Bundle,6
1237,216,Premium,Mobile,Paid-Social,7
1238,200,Ad-Supported,Mobile,Paid-Social,6
1239,33,Premium,Web,Organic,1
1240,248,Ad-Supported,Web,Telco-Bundle,8
1241,288,Ad-Supported,Mobile,Organic,9
1242,371,Premium,Mobile,Organic,12
1243,371,Premium,Mobile,Telco-Bundle,12
1244,197,Premium,Mobile,Telco-Bundle,6
1245,383,Premium,Mobile,Telco-Bundle,12
1246,211,Ad-Supported,Mobile,Paid-Social,7
1247,257,Premium,Web,Organic,8
1248,241,Ad-Supported,Mobile,Organic,8
1249,399,Ad-Supported,CTV,Paid-Social,13
1250,295,Ad-Supported,CTV,Organic,9
1251,48,Ad-Supported,Web,Organic,1
1252,29,Ad-Supported,Tablet,Organic,0
1253,164,Premium,Mobile,Referral,5
1254,206,Ad-Supported,Mobile,Organic,6
1255,267,Premium,CTV,Organic,8
1256,193,Ad-Supported,Mobile,Referral,6
1257,206,Ad-Supported,Mobile,Telco-Bundle,6
1258,368,Premium,Mobile,Paid-Social,12
1259,134,Ad-Supported,Web,Telco-Bundle,4
1260,197,Ad-Supported,Mobile,Organic,6
1261,223,Premium,Mobile,Telco-Bundle,7
1262,187,Ad-Supported,Mobile,Organic,6
1263,387,Ad-Supported,CTV,Referral,12
1264,384,Premium,Mobile,Organic,12
1265,205,Ad-Supported,Web,Telco-Bundle,6
1266,180,Premium,CTV,Paid-Social,6
1267,235,Premium,Mobile,Organic,7
1268,73,Ad-Supported,Mobile,Paid-Social,2
1269,170,Ad-Supported,Web,Telco-Bundle,5
1270,87,Ad-Supported,Web,Organic,2
1271,58,Premium,Mobile,Referral,1
1272,38,Ad-Supported,Mobile,Organic,1
1273,235,Premium,Mobile,Telco-Bundle,7
1274,1,Ad-Supported,Mobile,Telco-Bundle,0
1275,258,Premium,Mobile,Paid-Social,8
1276,173,Ad-Supported,Mobile,Telco-Bundle,5
1277,147,Ad-Supported,Mobile,Telco-Bundle,4
1278,307,Ad-Supported,Web,Telco-Bundle,10
1279,215,Ad-Supported,Web,Paid-Social,7
1280,293,Premium,Web,Telco-Bundle,9
1281,284,Ad-Supported,CTV,Paid-Social,9
1282,13,Ad-Supported,CTV,Organic,0
1283,86,Ad-Supported,Mobile,Organic,2
1284,228,Ad-Supported,CTV,Telco-Bundle,7
1285,390,Premium,Mobile,Referral,13
1286,62,Premium,CTV,Organic,2
1287,43,Premium,Tablet,Paid-Social,1
1288,376,Ad-Supported,Web,Organic,12
1289,386,Ad-Supported,Mobile,Paid-Social,12
1290,67,Premium,CTV,Telco-Bundle,2
1291,161,Ad-Supported,Mobile,Telco-Bundle,5
1292,251,Premium,Mobile,Telco-Bundle,8
1293,78,Ad-Supported,Mobile,Telco-Bundle,2
1294,131,Ad-Supported,Mobile,Organic,4
1295,158,Premium,CTV,Paid-Social,5
1296,256,Ad-Supported,Mobile,Organic,8
1297,123,Premium,Mobile,Referral,4
1298,165,Ad-Supported,Tablet,Telco-Bundle,5
1299,116,Ad-Supported,CTV,Organic,3
1300,304,Ad-Supported,Mobile,Organic,10
1301,62,Ad-Supported,CTV,Paid-Social,2
1302,93,Ad-Supported,CTV,Referral,3
1303,100,Ad-Supported,Mobile,Organic,3
1304,362,Premium,CTV,Paid-Social,12
1305,377,Premium,Web,Organic,12
1306,200,Ad-Supported,Mobile,Telco-Bundle,6
1307,63,Ad-Supported,Mobile,Telco-Bundle,2
1308,302,Ad-Supported,Mobile,Organic,10
1309,197,Premium,Web,Telco-Bundle,6
1310,340,Ad-Supported,Mobile,Organic,11
1311,144,Ad-Supported,Mobile,Telco-Bundle,4
1312,399,Ad-Supported,Tablet,Organic,13
1313,322,Ad-Supported,CTV,Paid-Social,10
1314,90,Ad-Supported,Mobile,Organic,3
1315,290,Ad-Supported,Mobile,Telco-Bundle,9
1316,115,Premium,Mobile,Organic,3
1317,140,Ad-Supported,Tablet,Paid-Social,4
1318,100,Ad-Supported,Mobile,Organic,3
1319,273,Ad-Supported,Mobile,Paid-Social,9
1320,105,Ad-Supported,CTV,Telco-Bundle,3
1321,255,Ad-Supported,Mobile,Paid-Social,8
1322,233,Ad-Supported,Mobile,Paid-Social,7
1323,300,Ad-Supported,Web,Telco-Bundle,10
1324,397,Premium,Mobile,Paid-Social,13
1325,4,Ad-Supported,Web,Telco-Bundle,0
1326,396,Premium,Web,Paid-Social,13
1327,44,Ad-Supported,Mobile,Referral,1
1328,211,Ad-Supported,CTV,Telco-Bundle,7
1329,137,Premium,Web,Paid-Social,4
1330,255,Premium,CTV,Paid-Social,8
1331,288,Ad-Supported,CTV,Telco-Bundle,9
1332,344,Premium,Mobile,Telco-Bundle,11
1333,161,Ad-Supported,Mobile,Organic,5
1334,373,Ad-Supported,CTV,Organic,12
1335,129,Premium,Mobile,Organic,4
1336,82,Premium,Mobile,Telco-Bundle,2
1337,152,Ad-Supported,Mobile,Telco-Bundle,5
1338,211,Ad-Supported,Mobile,Organic,7
1339,267,Ad-Supported,Web,Paid-Social,8
1340,333,Ad-Supported,Web,Telco-Bundle,11
1341,90,Premium,Web,Referral,3
1342,121,Ad-Supported,Mobile,Organic,4
1343,375,Ad-Supported,Mobile,Organic,12
1344,176,Ad-Supported,Web,Organic,5
1345,97,Ad-Supported,Mobile,Telco-Bundle,3
1346,394,Ad-Supported,CTV,Organic,13
1347,180,Premium,CTV,Organic,6
1348,394,Premium,Mobile,Telco-Bundle,13
1349,367,Premium,Mobile,Paid-Social,12
1350,362,Ad-Supported,CTV,Organic,12
1351,233,Ad-Supported,Mobile,Paid-Social,7
1352,319,Ad-Supported,Web,Organic,10
1353,384,Ad-Supported,CTV,Paid-Social,12
1354,108,Ad-Supported,Mobile,Paid-Social,3
1355,16,Premium,CTV,Organic,0
1356,129,Premium,Mobile,Organic,4
1357,255,Ad-Supported,Mobile,Telco-Bundle,8
1358,219,Ad-Supported,Tablet,Telco-Bundle,7
1359,33,Premium,CTV,Organic,1
1360,224,Ad-Supported,CTV,Telco-Bundle,7
1361,70,Premium,Web,Organic,2
1362,202,Ad-Supported,CTV,Telco-Bundle,6
1363,230,Ad-Supported,Mobile,Telco-Bundle,7
1364,255,Ad-Supported,Mobile,Telco-Bundle,8
1365,165,Premium,Mobile,Telco-Bundle,5
1366,163,Ad-Supported,Mobile,Paid-Social,5
1367,271,Premium,Mobile,Organic,9
1368,299,Ad-Supported,CTV,Paid-Social,9
1369,323,Ad-Supported,Mobile,Organic,10
1370,134,Premium,CTV,Telco-Bundle,4
1371,170,Ad-Supported,Web,Paid-Social,5
1372,132,Ad-Supported,Tablet,Organic,4
1373,211,Ad-Supported,Mobile,Paid-Social,7
1374,51,Premium,Web,Telco-Bundle,1
1375,172,Ad-Supported,Web,Paid-Social,5
1376,76,Ad-Supported,Mobile,Paid-Social,2
1377,213,Premium,Mobile,Telco-Bundle,7
1378,340,Premium,Mobile,Organic,11
1379,394,Premium,CTV,Telco-Bundle,13
1380,179,Premium,CTV,Paid-Social,5
1381,23,Premium,Mobile,Organic,0
1382,91,Ad-Supported,Web,Referral,3
1383,42,Ad-Supported,Mobile,Paid-Social,1
1384,303,Premium,Mobile,Organic,10
1385,393,Premium,Web,Organic,13
1386,222,Premium,Tablet,Referral,7
1387,71,Ad-Supported,Web,Telco-Bundle,2
1388,9,Ad-Supported,Mobile,Organic,0
1389,390,Ad-Supported,Mobile,Paid-Social,13
1390,127,Ad-Supported,Mobile,Organic,4
1391,45,Ad-Supported,Mobile,Telco-Bundle,1
1392,71,Premium,Mobile,Paid-Social,2
1393,102,Ad-Supported,Web,Organic,3
1394,262,Ad-Supported,CTV,Paid-Social,8
1395,356,Ad-Supported,Mobile,Referral,11
1396,110,Premium,Mobile,Organic,3
1397,275,Premium,Mobile,Organic,9
1398,26,Ad-Supported,Mobile,Referral,0
1399,5,Ad-Supported,CTV,Organic,0
1400,22,Ad-Supported,Mobile,Paid-Social,0
1401,369,Ad-Supported,Web,Paid-Social,12
1402,233,Ad-Supported,Mobile,Organic,7
1403,322,Premium,Mobile,Organic,10
1404,9,Premium,Tablet,Organic,0
1405,9,Ad-Supported,Mobile,Organic,0
1406,339,Ad-Supported,Mobile,Paid-Social,11
1407,41,Ad-Supported,CTV,Telco-Bundle,1
1408,63,Ad-Supported,Mobile,Organic,2
1409,208,Ad-Supported,Mobile,Telco-Bundle,6
1410,243,Premium,Mobile,Paid-Social,8
1411,92,Ad-Supported,Mobile,Organic,3
1412,178,Premium,CTV,Paid-Social,5
1413,270,Ad-Supported,Mobile,Organic,9
1414,177,Premium,Web,Telco-Bundle,5
1415,153,Premium,Web,Organic,5
1416,29,Ad-Supported,Mobile,Telco-Bundle,0
1417,181,Ad-Supported,Mobile,Referral,6
1418,321,Premium,Mobile,Organic,10
1419,251,Ad-Supported,Mobile,Referral,8
1420,357,Ad-Supported,Mobile,Organic,11
1421,51,Ad-Supported,Web,Organic,1
1422,5,Ad-Supported,Mobile,Organic,0
1423,219,Premium,Mobile,Telco-Bundle,7
1424,72,Ad-Supported,CTV,Telco-Bundle,2
1425,238,Ad-Supported,Web,Referral,7
1426,361,Ad-Supported,Mobile,Telco-Bundle,12
1427,135,Premium,Mobile,Paid-Social,4
1428,220,Premium,Tablet,Telco-Bundle,7
1429,272,Ad-Supported,Mobile,Referral,9
1430,60,Ad-Supported,CTV,Telco-Bundle,2
1431,359,Ad-Supported,CTV,Paid-Social,11
1432,81,Ad-Supported,CTV,Telco-Bundle,2
1433,323,Ad-Supported,Mobile,Organic,10
1434,264,Ad-Supported,Mobile,Referral,8
1435,57,Ad-Supported,Mobile,Referral,1
1436,290,Premium,CTV,Telco-Bundle,9
1437,79,Ad-Supported,Web,Organic,2
1438,240,Premium,CTV,Organic,8
1439,383,Ad-Supported,Web,Referral,12
1440,381,Ad-Supported,Tablet,Telco-Bundle,12
1441,348,Ad-Supported,CTV,Telco-Bundle,11
1442,198,Premium,Mobile,Referral,6
1443,224,Premium,Mobile,Paid-Social,7
1444,120,Ad-Supported,CTV,Telco-Bundle,4
1445,368,Premium,CTV,Organic,12
1446,191,Ad-Supported,Mobile,Organic,6
1447,308,Ad-Supported,CTV,Paid-Social,10
1448,144,Ad-Supported,Mobile,Organic,4
1449,296,Ad-Supported,Mobile,Paid-Social,9
1450,90,Ad-Supported,Web,Telco-Bundle,3
1451,293,Premium,Mobile,Organic,9
1452,19,Ad-Supported,CTV,Telco-Bundle,0
1453,42,Ad-Supported,CTV,Organic,1
1454,141,Ad-Supported,CTV,Telco-Bundle,4
1455,193,Ad-Supported,Mobile,Organic,6
1456,284,Ad-Supported,CTV,Telco-Bundle,9
1457,144,Premium,Mobile,Paid-Social,4
1458,8,Premium,CTV,Paid-Social,0
1459,130,Ad-Supported,Mobile,Organic,4
1460,176,Premium,Tablet,Organic,5
1461,217,Ad-Supported,Web,Paid-Social,7
1462,257,Ad-Supported,Mobile,Organic,8
1463,99,Ad-Supported,Mobile,Organic,3
1464,244,Ad-Supported,Mobile,Telco-Bundle,8
1465,253,Ad-Supported,CTV,Organic,8
1466,310,Premium,CTV,Organic,10
1467,209,Ad-Supported,CTV,Organic,6
1468,324,Premium,Web,Paid-Social,10
1469,89,Premium,Mobile,Paid-Social,2
1470,284,Premium,CTV,Telco-Bundle,9
1471,19,Ad-Supported,Mobile,Paid-Social,0
1472,42,Premium,CTV,Paid-Social,1
1473,346,Ad-Supported,Mobile,Paid-Social,11
1474,190,Ad-Supported,Web,Organic,6
1475,248,Ad-Supported,Mobile,Telco-Bundle,8
1476,241,Premium,Mobile,Organic,8
1477,278,Ad-Supported,Mobile,Telco-Bundle,9
1478,98,Ad-Supported,Tablet,Paid-Social,3
1479,72,Premium,CTV,Telco-Bundle,2
1480,17,Ad-Supported,Mobile,Paid-Social,0
1481,346,Premium,Mobile,Referral,11
1482,90,Ad-Supported,Mobile,Paid-Social,3
1483,230,Ad-Supported,Web,Paid-Social,7
1484,182,Ad-Supported,Tablet,Telco-Bundle,6
1485,65,Ad-Supported,Web,Telco-Bundle,2
1486,166,Ad-Supported,Web,Paid-Social,5
1487,34,Ad-Supported,Mobile,Organic,1
1488,71,Ad-Supported,Mobile,Organic,2
1489,56,Premium,CTV,Telco-Bundle,1
1490,329,Premium,CTV,Organic,10
1491,227,Ad-Supported,Mobile,Organic,7
1492,370,Ad-Supported,CTV,Organic,12
1493,174,Ad-Supported,Mobile,Referral,5
1494,81,Premium,Mobile,Paid-Social,2
1495,243,Premium,Mobile,Paid-Social,8
1496,371,Ad-Supported,Web,Referral,12
1497,213,Ad-Supported,CTV,Paid-Social,7
1498,8,Premium,CTV,Telco-Bundle,0
1499,122,Premium,Web,Telco-Bundle,4
1500,370,Ad-Supported,Web,Paid-Social,12
1501,207,Premium,Mobile,Telco-Bundle,6
1502,380,Ad-Supported,Web,Referral,12
1503,204,Ad-Supported,Mobile,Organic,6
1504,5,Premium,CTV,Organic,0
1505,349,Ad-Supported,Mobile,Telco-Bundle,11
1506,305,Ad-Supported,Mobile,Paid-Social,10
1507,286,Premium,CTV,Paid-Social,9
1508,388,Premium,Mobile,Organic,12
1509,79,Ad-Supported,Mobile,Telco-Bundle,2
1510,362,Ad-Supported,CTV,Telco-Bundle,12
1511,93,Premium,CTV,Referral,3
1512,388,Ad-Supported,Mobile,Paid-Social,12
1513,77,Premium,Mobile,Referral,2
1514,220,Premium,Mobile,Paid-Social,7
1515,315,Ad-Supported,Web,Telco-Bundle,10
1516,32,Ad-Supported,Web,Telco-Bundle,1
1517,27,Premium,Mobile,Paid-Social,0
1518,340,Premium,CTV,Paid-Social,11
1519,25,Ad-Supported,CTV,Organic,0
1520,245,Ad-Supported,Tablet,Paid-Social,8
1521,375,Premium,Mobile,Telco-Bundle,12
1522,246,Ad-Supported,CTV,Organic,8
1523,192,Ad-Supported,CTV,Telco-Bundle,6
1524,167,Premium,Mobile,Organic,5
1525,255,Premium,Mobile,Organic,8
1526,229,Premium,Mobile,Telco-Bundle,7
1527,201,Premium,Mobile,Organic,6
1528,62,Ad-Supported,CTV,Referral,2
1529,265,Premium,CTV,Referral,8
1530,296,Ad-Supported,Mobile,Paid-Social,9
1531,283,Ad-Supported,Web,Paid-Social,9
1532,30,Premium,Mobile,Organic,1
1533,281,Premium,Tablet,Telco-Bundle,9
1534,292,Premium,Mobile,Organic,9
1535,74,Ad-Supported,Web,Referral,2
1536,339,Premium,Web,Referral,11
1537,210,Ad-Supported,Web,Organic,7
1538,189,Premium,Web,Telco-Bundle,6
1539,289,Premium,Mobile,Paid-Social,9
1540,204,Ad-Supported,CTV,Paid-Social,6
1541,218,Premium,CTV,Organic,7
1542,125,Premium,Mobile,Telco-Bundle,4
1543,371,Premium,Tablet,Organic,12
1544,387,Premium,Mobile,Telco-Bundle,12
1545,53,Premium,Mobile,Paid-Social,1
1546,293,Ad-Supported,Web,Telco-Bundle,9
1547,10,Ad-Supported,Mobile,Referral,0
1548,148,Premium,Mobile,Telco-Bundle,4
1549,388,Premium,Mobile,Paid-Social,12
1550,70,Premium,Web,Paid-Social,2
1551,151,Ad-Supported,Web,Paid-Social,5
1552,88,Ad-Supported,Mobile,Organic,2
1553,291,Premium,CTV,Referral,9
1554,186,Premium,CTV,Organic,6
1555,237,Ad-Supported,CTV,Paid-Social,7
1556,377,Ad-Supported,CTV,Telco-Bundle,12
1557,208,Ad-Supported,Tablet,Paid-Social,6
1558,293,Ad-Supported,Mobile,Telco-Bundle,9
1559,40,Ad-Supported,Mobile,Organic,1
1560,86,Ad-Supported,CTV,Organic,2
1561,378,Ad-Supported,Mobile,Telco-Bundle,12
1562,343,Premium,Mobile,Paid-Social,11
1563,263,Premium,Mobile,Referral,8
1564,151,Premium,Mobile,Paid-Social,5
1565,80,Ad-Supported,Tablet,Organic,2
1566,340,Ad-Supported,Mobile,Organic,11
1567,314,Ad-Supported,CTV,Paid-Social,10
1568,97,Ad-Supported,Web,Paid-Social,3
1569,236,Ad-Supported,Mobile,Organic,7
1570,247,Premium,Mobile,Paid-Social,8
1571,191,Premium,Mobile,Referral,6
1572,370,Premium,CTV,Paid-Social,12
1573,50,Ad-Supported,Mobile,Telco-Bundle,1
1574,103,Ad-Supported,CTV,Organic,3
1575,38,Ad-Supported,Mobile,Telco-Bundle,1
1576,277,Ad-Supported,Mobile,Organic,9
1577,257,Premium,Mobile,Paid-Social,8
1578,394,Ad-Supported,Mobile,Organic,13
1579,217,Premium,Mobile,Organic,7
1580,61,Ad-Supported,Tablet,Organic,2
1581,180,Premium,Mobile,Organic,6
1582,36,Premium,CTV,Telco-Bundle,1
1583,268,Ad-Supported,CTV,Organic,8
1584,270,Premium,CTV,Referral,9
1585,343,Ad-Supported,CTV,Paid-Social,11
1586,136,Premium,Mobile,Organic,4
1587,124,Premium,CTV,Paid-Social,4
1588,29,Premium,Mobile,Organic,0
1589,166,Premium,Web,Telco-Bundle,5
1590,190,Ad-Supported,Mobile,Organic,6
1591,302,Premium,CTV,Telco-Bundle,10
1592,301,Premium,CTV,Organic,10
1593,56,Ad-Supported,CTV,Organic,1
1594,114,Ad-Supported,Mobile,Organic,3
1595,205,Premium,CTV,Telco-Bundle,6
1596,134,Premium,CTV,Paid-Social,4
1597,11,Ad-Supported,Mobile,Referral,0
1598,338,Premium,Mobile,Paid-Social,11
1599,292,Premium,Mobile,Organic,9
1600,208,Ad-Supported,Mobile,Telco-Bundle,6
1601,127,Ad-Supported,Web,Paid-Social,4
1602,337,Ad-Supported,Mobile,Telco-Bundle,11
1603,15,Premium,CTV,Paid-Social,0
1604,179,Ad-Supported,CTV,Telco-Bundle,5
1605,320,Ad-Supported,CTV,Organic,10
1606,381,Premium,CTV,Referral,12
1607,101,Premium,CTV,Organic,3
1608,260,Premium,CTV,Telco-Bundle,8
1609,76,Ad-Supported,Mobile,Organic,2
1610,47,Premium,Web,Telco-Bundle,1
1611,141,Ad-Supported,Tablet,Telco-Bundle,4
1612,354,Ad-Supported,Mobile,Telco-Bundle,11
1613,276,Premium,Tablet,Paid-Social,9
1614,196,Premium,Tablet,Paid-Social,6
1615,113,Ad-Supported,Mobile,Telco-Bundle,3
1616,57,Premium,CTV,Paid-Social,1
1617,109,Ad-Supported,CTV,Telco-Bundle,3
1618,61,Ad-Supported,Mobile,Organic,2
1619,75,Ad-Supported,Mobile,Paid-Social,2
1620,275,Ad-Supported,Mobile,Paid-Social,9
1621,53,Premium,Web,Telco-Bundle,1
1622,19,Premium,Mobile,Organic,0
1623,217,Premium,Web,Paid-Social,7
1624,115,Ad-Supported,CTV,Telco-Bundle,3
1625,182,Ad-Supported,CTV,Paid-Social,6
1626,56,Ad-Supported,Mobile,Telco-Bundle,1
1627,84,Premium,Mobile,Organic,2
1628,176,Ad-Supported,Mobile,Paid-Social,5
1629,276,Ad-Supported,Mobile,Paid-Social,9
1630,166,Premium,Mobile,Paid-Social,5
1631,217,Premium,Mobile,Telco-Bundle,7
1632,209,Ad-Supported,Mobile,Organic,6
1633,108,Ad-Supported,CTV,Paid-Social,3
1634,112,Premium,Mobile,Organic,3
1635,170,Ad-Supported,Mobile,Telco-Bundle,5
1636,13,Ad-Supported,Web,Telco-Bundle,0
1637,274,Premium,CTV,Organic,9
1638,246,Ad-Supported,Web,Paid-Social,8
1639,123,Ad-Supported,CTV,Paid-Social,4
1640,150,Ad-Supported,Mobile,Telco-Bundle,5
1641,132,Ad-Supported,Web,Organic,4
1642,260,Ad-Supported,Web,Paid-Social,8
1643,304,Ad-Supported,CTV,Telco-Bundle,10
1644,44,Ad-Supported,CTV,Paid-Social,1
1645,165,Ad-Supported,Mobile,Telco-Bundle,5
1646,6,Premium,Mobile,Paid-Social,0
1647,181,Premium,Web,Referral,6
1648,100,Ad-Supported,CTV,Organic,3
1649,134,Ad-Supported,Mobile,Organic,4
1650,183,Premium,Mobile,Paid-Social,6
1651,130,Premium,Mobile,Paid-Social,4
1652,158,Premium,Mobile,Telco-Bundle,5
1653,306,Ad-Supported,Mobile,Organic,10
1654,324,Ad-Supported,Web,Organic,10
1655,3,Ad-Supported,Mobile,Telco-Bundle,0
1656,151,Premium,Mobile,Organic,5
1657,338,Ad-Supported,Mobile,Telco-Bundle,11
1658,212,Ad-Supported,CTV,Telco-Bundle,7
1659,82,Ad-Supported,CTV,Organic,2
1660,237,Ad-Supported,CTV,Telco-Bundle,7
1661,58,Ad-Supported,Tablet,Telco-Bundle,1
1662,9,Ad-Supported,Tablet,Telco-Bundle,0
1663,253,Premium,Web,Organic,8
1664,206,Premium,Web,Paid-Social,6
1665,302,Premium,Mobile,Referral,10
1666,138,Ad-Supported,CTV,Paid-Social,4
1667,341,Premium,Mobile,Organic,11
1668,169,Premium,Web,Organic,5
1669,295,Ad-Supported,Mobile,Telco-Bundle,9
1670,41,Ad-Supported,Mobile,Telco-Bundle,1
1671,39,Premium,Mobile,Referral,1
1672,313,Ad-Supported,CTV,Referral,10
1673,333,Ad-Supported,CTV,Organic,11
1674,377,Ad-Supported,Mobile,Telco-Bundle,12
1675,130,Ad-Supported,CTV,Organic,4
1676,9,Ad-Supported,Mobile,Organic,0
1677,391,Ad-Supported,Web,Organic,13
1678,240,Ad-Supported,Mobile,Referral,8
1679,99,Premium,Mobile,Organic,3
1680,305,Ad-Supported,CTV,Paid-Social,10
1681,361,Ad-Supported,CTV,Paid-Social,12
1682,114,Ad-Supported,Web,Organic,3
1683,308,Premium,CTV,Paid-Social,10
1684,315,Premium,Tablet,Organic,10
1685,201,Ad-Supported,Mobile,Paid-Social,6
1686,253,Ad-Supported,Mobile,Paid-Social,8
1687,108,Ad-Supported,Tablet,Telco-Bundle,3
1688,371,Ad-Supported,Mobile,Telco-Bundle,12
1689,393,Premium,Web,Telco-Bundle,13
1690,392,Ad-Supported,Mobile,Paid-Social,13
1691,295,Premium,Mobile,Organic,9
1692,17,Ad-Supported,Mobile,Paid-Social,0
1693,147,Ad-Supported,CTV,Referral,4
1694,178,Premium,Web,Organic,5
1695,383,Ad-Supported,Mobile,Organic,12
1696,219,Premium,Mobile,Referral,7
1697,214,Ad-Supported,Mobile,Referral,7
1698,59,Premium,Mobile,Organic,1
1699,317,Ad-Supported,Mobile,Telco-Bundle,10
1700,135,Ad-Supported,Tablet,Paid-Social,4
1701,37,Premium,Mobile,Paid-Social,1
1702,395,Ad-Supported,Mobile,Paid-Social,13
1703,76,Ad-Supported,Mobile,Referral,2
1704,7,Premium,Mobile,Organic,0
1705,32,Ad-Supported,Mobile,Telco-Bundle,1
1706,181,Premium,CTV,Organic,6
1707,42,Premium,CTV,Telco-Bundle,1
1708,337,Premium,Web,Telco-Bundle,11
1709,205,Ad-Supported,Mobile,Telco-Bundle,6
1710,130,Ad-Supported,CTV,Referral,4
1711,2,Premium,Web,Telco-Bundle,0
1712,192,Ad-Supported,Web,Telco-Bundle,6
1713,61,Ad-Supported,Web,Organic,2
1714,391,Ad-Supported,Mobile,Referral,13
1715,117,Ad-Supported,Tablet,Paid-Social,3
1716,190,Ad-Supported,Web,Paid-Social,6
1717,8,Premium,Web,Paid-Social,0
1718,53,Premium,CTV,Paid-Social,1
1719,83,Premium,Tablet,Paid-Social,2
1720,21,Ad-Supported,Mobile,Organic,0
1721,290,Ad-Supported,CTV,Organic,9
1722,378,Ad-Supported,CTV,Referral,12
1723,394,Premium,CTV,Referral,13
1724,107,Ad-Supported,Web,Paid-Social,3
1725,315,Ad-Supported,Mobile,Referral,10
1726,202,Ad-Supported,Mobile,Paid-Social,6
1727,19,Premium,Mobile,Paid-Social,0
1728,37,Premium,CTV,Referral,1
1729,219,Premium,CTV,Telco-Bundle,7
1730,170,Ad-Supported,Web,Telco-Bundle,5
1731,4,Premium,Web,Paid-Social,0
1732,372,Ad-Supported,CTV,Paid-Social,12
1733,292,Ad-Supported,Mobile,Organic,9
1734,201,Ad-Supported,CTV,Referral,6
1735,394,Ad-Supported,Web,Organic,13
1736,388,Ad-Supported,CTV,Paid-Social,12
1737,389,Ad-Supported,Web,Organic,12
1738,104,Ad-Supported,Tablet,Telco-Bundle,3
1739,352,Premium,Mobile,Paid-Social,11
1740,202,Premium,CTV,Telco-Bundle,6
1741,290,Premium,CTV,Paid-Social,9
1742,343,Ad-Supported,Mobile,Organic,11
1743,66,Ad-Supported,Mobile,Organic,2
1744,179,Premium,Mobile,Organic,5
1745,52,Ad-Supported,Mobile,Telco-Bundle,1
1746,112,Ad-Supported,CTV,Telco-Bundle,3
1747,165,Ad-Supported,Mobile,Organic,5
1748,342,Premium,Mobile,Paid-Social,11
1749,345,Ad-Supported,CTV,Organic,11
1750,156,Premium,Mobile,Telco-Bundle,5
1751,132,Ad-Supported,Web,Referral,4
1752,212,Ad-Supported,Mobile,Telco-Bundle,7
1753,364,Ad-Supported,Mobile,Organic,12
1754,390,Ad-Supported,Tablet,Paid-Social,13
1755,91,Ad-Supported,Web,Referral,3
1756,75,Premium,CTV,Organic,2
1757,283,Ad-Supported,Web,Telco-Bundle,9
1758,121,Ad-Supported,Mobile,Referral,4
1759,80,Premium,Web,Telco-Bundle,2
1760,13,Ad-Supported,Mobile,Telco-Bundle,0
1761,161,Ad-Supported,Mobile,Paid-Social,5
1762,157,Ad-Supported,Mobile,Referral,5
1763,225,Ad-Supported,Web,Paid-Social,7
1764,80,Ad-Supported,Mobile,Referral,2
1765,286,Premium,Mobile,Paid-Social,9
1766,272,Ad-Supported,Mobile,Telco-Bundle,9
1767,185,Premium,CTV,Referral,6
1768,73,Ad-Supported,Mobile,Paid-Social,2
1769,203,Premium,CTV,Organic,6
1770,270,Premium,Mobile,Organic,9
1771,149,Ad-Supported,Web,Telco-Bundle,4
1772,106,Ad-Supported,Mobile,Telco-Bundle,3
1773,203,Ad-Supported,Tablet,Organic,6
1774,142,Premium,Mobile,Telco-Bundle,4
1775,160,Premium,Mobile,Referral,5
1776,140,Ad-Supported,Mobile,Telco-Bundle,4
1777,122,Premium,Mobile,Telco-Bundle,4
1778,286,Ad-Supported,Mobile,Referral,9
1779,184,Ad-Supported,Mobile,Telco-Bundle,6
1780,187,Premium,Web,Organic,6
1781,261,Ad-Supported,CTV,Referral,8
1782,145,Ad-Supported,Mobile,Paid-Social,4
1783,41,Premium,Mobile,Referral,1
1784,341,Ad-Supported,Mobile,Telco-Bundle,11
1785,23,Premium,Mobile,Telco-Bundle,0
1786,229,Ad-Supported,Mobile,Organic,7
1787,107,Ad-Supported,Mobile,Organic,3
1788,86,Ad-Supported,Mobile,Organic,2
1789,17,Premium,Tablet,Telco-Bundle,0
1790,360,Ad-Supported,CTV,Telco-Bundle,12
1791,172,Ad-Supported,Web,Organic,5
1792,137,Premium,Mobile,Organic,4
1793,296,Premium,Web,Telco-Bundle,9
1794,16,Premium,Mobile,Organic,0
1795,226,Ad-Supported,Mobile,Organic,7
1796,198,Ad-Supported,Web,Organic,6
1797,221,Ad-Supported,Mobile,Telco-Bundle,7
1798,50,Premium,Mobile,Paid-Social,1
1799,381,Premium,Web,Telco-Bundle,12
1800,96,Premium,CTV,Organic,3
1801,271,Ad-Supported,CTV,Organic,9
1802,299,Ad-Supported,Mobile,Telco-Bundle,9
1803,138,Ad-Supported,Mobile,Referral,4
1804,53,Ad-Supported,Tablet,Paid-Social,1
1805,119,Ad-Supported,Mobile,Telco-Bundle,3
1806,322,Ad-Supported,Mobile,Telco-Bundle,10
1807,362,Premium,Mobile,Referral,12
1808,374,Premium,Web,Paid-Social,12
1809,91,Premium,Web,Organic,3
1810,243,Premium,Mobile,Organic,8
1811,61,Premium,Tablet,Telco-Bundle,2
1812,284,Premium,Mobile,Telco-Bundle,9
1813,166,Ad-Supported,Web,Paid-Social,5
1814,285,Premium,Mobile,Organic,9
1815,274,Ad-Supported,Mobile,Organic,9
1816,397,Ad-Supported,Mobile,Paid-Social,13
1817,195,Ad-Supported,Tablet,Referral,6
1818,137,Premium,Web,Paid-Social,4
1819,211,Premium,CTV,Telco-Bundle,7
1820,65,Premium,Mobile,Paid-Social,2
1821,45,Premium,Mobile,Telco-Bundle,1
1822,208,Premium,Mobile,Telco-Bundle,6
1823,330,Ad-Supported,Mobile,Organic,11
1824,213,Premium,Mobile,Telco-Bundle,7
1825,312,Premium,CTV,Telco-Bundle,10
1826,71,Premium,CTV,Referral,2
1827,180,Ad-Supported,Web,Paid-Social,6
1828,245,Ad-Supported,Mobile,Organic,8
1829,139,Premium,Mobile,Paid-Social,4
1830,6,Ad-Supported,CTV,Telco-Bundle,0
1831,30,Ad-Supported,Mobile,Organic,1
1832,371,Ad-Supported,CTV,Referral,12
1833,242,Ad-Supported,Web,Organic,8
1834,106,Ad-Supported,Mobile,Referral,3
1835,104,Premium,Mobile,Paid-Social,3
1836,16,Premium,Web,Organic,0
1837,377,Premium,CTV,Paid-Social,12
1838,44,Ad-Supported,CTV,Telco-Bundle,1
1839,304,Ad-Supported,CTV,Telco-Bundle,10
1840,96,Ad-Supported,CTV,Paid-Social,3
1841,134,Ad-Supported,Mobile,Organic,4
1842,110,Ad-Supported,Web,Referral,3
1843,329,Premium,Web,Paid-Social,10
1844,14,Premium,Mobile,Organic,0
1845,141,Ad-Supported,Mobile,Telco-Bundle,4
1846,112,Ad-Supported,CTV,Organic,3
1847,109,Ad-Supported,CTV,Organic,3
1848,77,Ad-Supported,Mobile,Paid-Social,2
1849,365,Ad-Supported,CTV,Telco-Bundle,12
1850,152,Ad-Supported,CTV,Paid-Social,5
1851,167,Ad-Supported,CTV,Referral,5
1852,154,Ad-Supported,Mobile,Organic,5
1853,392,Premium,Mobile,Referral,13
1854,136,Ad-Supported,Mobile,Organic,4
1855,137,Ad-Supported,Web,Organic,4
1856,131,Ad-Supported,CTV,Organic,4
1857,131,Ad-Supported,Mobile,Organic,4
1858,36,Ad-Supported,Web,Paid-Social,1
1859,242,Premium,Mobile,Telco-Bundle,8
1860,11,Premium,CTV,Telco-Bundle,0
1861,91,Premium,Mobile,Telco-Bundle,3
1862,81,Ad-Supported,CTV,Organic,2
1863,117,Ad-Supported,CTV,Telco-Bundle,3
1864,302,Ad-Supported,Web,Paid-Social,10
1865,240,Ad-Supported,Mobile,Telco-Bundle,8
1866,396,Premium,Mobile,Telco-Bundle,13
1867,141,Ad-Supported,Mobile,Organic,4
1868,371,Ad-Supported,Tablet,Paid-Social,12
1869,18,Ad-Supported,Mobile,Referral,0
1870,202,Ad-Supported,CTV,Organic,6
1871,319,Premium,CTV,Telco-Bundle,10
1872,213,Ad-Supported,Mobile,Referral,7
1873,373,Ad-Supported,Mobile,Paid-Social,12
1874,126,Ad-Supported,Mobile,Paid-Social,4
1875,14,Premium,CTV,Paid-Social,0
1876,309,Ad-Supported,Tablet,Telco-Bundle,10
1877,28,Premium,Mobile,Paid-Social,0
1878,306,Ad-Supported,Tablet,Paid-Social,10
1879,293,Ad-Supported,Mobile,Organic,9
1880,337,Premium,Mobile,Referral,11
1881,192,Ad-Supported,Web,Telco-Bundle,6
1882,358,Ad-Supported,Web,Telco-Bundle,11
1883,68,Ad-Supported,Mobile,Referral,2
1884,174,Ad-Supported,CTV,Telco-Bundle,5
1885,49,Ad-Supported,Web,Referral,1
1886,306,Premium,Web,Organic,10
1887,285,Ad-Supported,CTV,Organic,9
1888,322,Ad-Supported,Mobile,Telco-Bundle,10
1889,305,Ad-Supported,Mobile,Paid-Social,10
1890,124,Premium,CTV,Paid-Social,4
1891,28,Ad-Supported,CTV,Telco-Bundle,0
1892,371,Ad-Supported,Mobile,Telco-Bundle,12
1893,197,Ad-Supported,Mobile,Organic,6
1894,38,Ad-Supported,Mobile,Paid-Social,1
1895,370,Premium,Mobile,Paid-Social,12
1896,397,Ad-Supported,Mobile,Organic,13
1897,178,Ad-Supported,Mobile,Organic,5
1898,308,Ad-Supported,Mobile,Paid-Social,10
1899,15,Premium,Web,Telco-Bundle,0
1900,38,Ad-Supported,CTV,Paid-Social,1
1901,111,Ad-Supported,Mobile,Paid-Social,3
1902,262,Ad-Supported,Mobile,Telco-Bundle,8
1903,54,Premium,Mobile,Organic,1
1904,14,Premium,CTV,Paid-Social,0
1905,267,Ad-Supported,CTV,Organic,8
1906,308,Premium,CTV,Telco-Bundle,10
1907,295,Premium,CTV,Organic,9
1908,319,Ad-Supported,Mobile,Paid-Social,10
1909,321,Ad-Supported,Mobile,Paid-Social,10
1910,241,Ad-Supported,Mobile,Telco-Bundle,8
1911,208,Ad-Supported,Mobile,Telco-Bundle,6
1912,342,Ad-Supported,Mobile,Referral,11
1913,139,Ad-Supported,CTV,Telco-Bundle,4
1914,40,Premium,Mobile,Organic,1
1915,301,Ad-Supported,CTV,Organic,10
1916,111,Premium,Mobile,Organic,3
1917,391,Ad-Supported,Mobile,Organic,13
1918,166,Ad-Supported,CTV,Organic,5
1919,340,Premium,Mobile,Paid-Social,11
1920,17,Ad-Supported,Mobile,Telco-Bundle,0
1921,264,Ad-Supported,Mobile,Telco-Bundle,8
1922,179,Ad-Supported,CTV,Organic,5
1923,185,Premium,Mobile,Paid-Social,6
1924,106,Ad-Supported,Tablet,Organic,3
1925,388,Ad-Supported,Tablet,Paid-Social,12
1926,157,Ad-Supported,Web,Paid-Social,5
1927,340,Ad-Supported,Mobile,Organic,11
1928,170,Ad-Supported,CTV,Organic,5
1929,20,Ad-Supported,Mobile,Referral,0
1930,351,Ad-Supported,Web,Paid-Social,11
1931,74,Ad-Supported,CTV,Paid-Social,2
1932,108,Premium,Mobile,Organic,3
1933,344,Premium,Mobile,Organic,11
1934,357,Ad-Supported,Web,Paid-Social,11
1935,366,Ad-Supported,Web,Referral,12
1936,170,Ad-Supported,CTV,Organic,5
1937,303,Premium,Mobile,Organic,10
1938,131,Ad-Supported,Web,Referral,4
1939,296,Ad-Supported,Web,Paid-Social,9
1940,201,Ad-Supported,Web,Organic,6
1941,21,Ad-Supported,Mobile,Telco-Bundle,0
1942,167,Ad-Supported,CTV,Paid-Social,5
1943,187,Ad-Supported,Web,Referral,6
1944,103,Premium,Mobile,Organic,3
1945,150,Ad-Supported,Mobile,Telco-Bundle,5
1946,201,Premium,Mobile,Organic,6
1947,20,Premium,Mobile,Telco-Bundle,0
1948,61,Ad-Supported,Web,Telco-Bundle,2
1949,306,Premium,Mobile,Telco-Bundle,10
1950,141,Premium,CTV,Telco-Bundle,4
1951,243,Premium,Mobile,Telco-Bundle,8
1952,226,Premium,Web,Organic,7
1953,220,Ad-Supported,Web,Organic,7
1954,165,Ad-Supported,CTV,Organic,5
1955,193,Ad-Supported,CTV,Paid-Social,6
1956,329,Ad-Supported,Mobile,Organic,10
1957,386,Ad-Supported,Web,Telco-Bundle,12
1958,103,Ad-Supported,CTV,Telco-Bundle,3
1959,268,Ad-Supported,Mobile,Referral,8
1960,387,Premium,Tablet,Paid-Social,12
1961,4,Premium,Mobile,Telco-Bundle,0
1962,314,Ad-Supported,CTV,Telco-Bundle,10
1963,199,Ad-Supported,Mobile,Referral,6
1964,387,Ad-Supported,CTV,Telco-Bundle,12
1965,231,Premium,Mobile,Organic,7
1966,335,Premium,Mobile,Organic,11
1967,67,Ad-Supported,Mobile,Referral,2
1968,57,Ad-Supported,Tablet,Telco-Bundle,1
1969,370,Ad-Supported,Mobile,Telco-Bundle,12
1970,211,Premium,CTV,Telco-Bundle,7
1971,223,Premium,CTV,Telco-Bundle,7
1972,68,Ad-Supported,Web,Telco-Bundle,2
1973,91,Ad-Supported,Mobile,Referral,3
1974,327,Ad-Supported,CTV,Referral,10
1975,122,Ad-Supported,Tablet,Paid-Social,4
1976,234,Premium,Mobile,Organic,7
1977,127,Premium,Mobile,Organic,4
1978,106,Ad-Supported,Web,Paid-Social,3
1979,67,Ad-Supported,Mobile,Telco-Bundle,2
1980,371,Ad-Supported,Mobile,Telco-Bundle,12
1981,376,Ad-Supported,Mobile,Paid-Social,12
1982,46,Ad-Supported,Web,Organic,1
1983,141,Premium,Tablet,Paid-Social,4
1984,225,Premium,CTV,Telco-Bundle,7
1985,153,Ad-Supported,CTV,Telco-Bundle,5
1986,288,Premium,Mobile,Organic,9
1987,104,Premium,Mobile,Paid-Social,3
1988,24,Ad-Supported,Mobile,Paid-Social,0
1989,135,Premium,Mobile,Paid-Social,4
1990,239,Ad-Supported,Mobile,Telco-Bundle,7
1991,73,Premium,CTV,Referral,2
1992,326,Ad-Supported,Mobile,Organic,10
1993,5,Ad-Supported,Mobile,Organic,0
1994,27,Ad-Supported,Mobile,Paid-Social,0
1995,204,Ad-Supported,Mobile,Organic,6
1996,205,Ad-Supported,Mobile,Paid-Social,6
1997,118,Premium,Mobile,Organic,3
1998,104,Ad-Supported,Mobile,Organic,3
1999,28,Ad-Supported,CTV,Telco-Bundle,0
2000,265,Premium,Web,Organic,8
2001,152,Ad-Supported,Web,Telco-Bundle,5
2002,48,Ad-Supported,Web,Organic,1
2003,160,Ad-Supported,CTV,Organic,5
2004,374,Ad-Supported,Web,Organic,12
2005,105,Ad-Supported,CTV,Organic,3
2006,357,Premium,CTV,Paid-Social,11
2007,104,Ad-Supported,Mobile,Telco-Bundle,3
2008,75,Ad-Supported,Mobile,Referral,2
2009,104,Ad-Supported,Mobile,Organic,3
2010,129,Premium,Mobile,Organic,4
2011,49,Ad-Supported,Web,Organic,1
2012,235,Premium,Mobile,Telco-Bundle,7
2013,134,Ad-Supported,CTV,Organic,4
2014,287,Ad-Supported,Web,Organic,9
2015,196,Ad-Supported,Mobile,Telco-Bundle,6
2016,177,Ad-Supported,Mobile,Telco-Bundle,5
2017,188,Ad-Supported,Mobile,Telco-Bundle,6
2018,63,Premium,Mobile,Organic,2
2019,285,Ad-Supported,Tablet,Paid-Social,9
2020,42,Ad-Supported,CTV,Organic,1
2021,288,Ad-Supported,CTV,Telco-Bundle,9
2022,399,Ad-Supported,CTV,Telco-Bundle,13
2023,305,Ad-Supported,CTV,Organic,10
2024,182,Ad-Supported,CTV,Telco-Bundle,6
2025,126,Ad-Supported,Mobile,Paid-Social,4
2026,349,Ad-Supported,Mobile,Telco-Bundle,11
2027,103,Ad-Supported,Mobile,Organic,3
2028,193,Ad-Supported,CTV,Paid-Social,6
2029,308,Ad-Supported,Web,Organic,10
2030,369,Ad-Supported,CTV,Telco-Bundle,12
2031,368,Premium,CTV,Organic,12
2032,36,Ad-Supported,Web,Organic,1
2033,359,Premium,Mobile,Telco-Bundle,11
2034,46,Ad-Supported,Mobile,Telco-Bundle,1
2035,234,Ad-Supported,Web,Telco-Bundle,7
2036,371,Ad-Supported,Web,Telco-Bundle,12
2037,262,Ad-Supported,CTV,Telco-Bundle,8
2038,379,Premium,Mobile,Telco-Bundle,12
2039,138,Premium,Tablet,Organic,4
2040,126,Ad-Supported,Web,Organic,4
2041,131,Premium,CTV,Paid-Social,4
2042,142,Ad-Supported,Mobile,Organic,4
2043,273,Ad-Supported,CTV,Paid-Social,9
2044,181,Premium,Web,Paid-Social,6
2045,295,Ad-Supported,Web,Organic,9
2046,167,Ad-Supported,CTV,Telco-Bundle,5
2047,123,Premium,CTV,Telco-Bundle,4
2048,76,Premium,CTV,Paid-Social,2
2049,220,Ad-Supported,CTV,Referral,7
2050,359,Ad-Supported,Mobile,Organic,11
2051,343,Premium,Mobile,Organic,11
2052,102,Ad-Supported,Mobile,Organic,3
2053,191,Ad-Supported,Web,Paid-Social,6
2054,282,Ad-Supported,Mobile,Organic,9
2055,245,Premium,Mobile,Telco-Bundle,8
2056,27,Premium,Web,Organic,0
2057,236,Premium,CTV,Paid-Social,7
2058,16,Ad-Supported,Mobile,Paid-Social,0
2059,47,Ad-Supported,Mobile,Organic,1
2060,261,Ad-Supported,Web,Telco-Bundle,8
2061,41,Premium,Mobile,Telco-Bundle,1
2062,136,Ad-Supported,Mobile,Telco-Bundle,4
2063,235,Ad-Supported,Mobile,Telco-Bundle,7
2064,262,Premium,Mobile,Paid-Social,8
2065,178,Ad-Supported,CTV,Paid-Social,5
2066,38,Premium,Mobile,Telco-Bundle,1
2067,319,Ad-Supported,CTV,Paid-Social,10
2068,379,Premium,Mobile,Paid-Social,12
2069,355,Ad-Supported,Mobile,Organic,11
2070,299,Ad-Supported,Mobile,Telco-Bundle,9
2071,161,Ad-Supported,Web,Organic,5
2072,350,Ad-Supported,Mobile,Referral,11
2073,195,Ad-Supported,Mobile,Organic,6
2074,55,Ad-Supported,Mobile,Paid-Social,1
2075,340,Ad-Supported,CTV,Organic,11
2076,128,Premium,Mobile,Organic,4
2077,375,Ad-Supported,Tablet,Organic,12
2078,147,Premium,CTV,Telco-Bundle,4
2079,347,Premium,CTV,Organic,11
2080,215,Ad-Supported,CTV,Organic,7
2081,187,Premium,Mobile,Organic,6
2082,119,Ad-Supported,Tablet,Organic,3
2083,334,Ad-Supported,Tablet,Referral,11
2084,25,Ad-Supported,Mobile,Paid-Social,0
2085,188,Premium,CTV,Telco-Bundle,6
2086,148,Ad-Supported,Mobile,Paid-Social,4
2087,217,Ad-Supported,CTV,Paid-Social,7
2088,102,Premium,Web,Telco-Bundle,3
2089,266,Ad-Supported,Tablet,Organic,8
2090,154,Premium,Mobile,Telco-Bundle,5
2091,76,Premium,CTV,Paid-Social,2
2092,79,Premium,CTV,Paid-Social,2
2093,278,Premium,Mobile,Referral,9
2094,105,Premium,CTV,Organic,3
2095,123,Ad-Supported,CTV,Referral,4
2096,251,Premium,Web,Referral,8
2097,132,Premium,Tablet,Organic,4
2098,155,Premium,Mobile,Organic,5
2099,98,Ad-Supported,Mobile,Telco-Bundle,3
2100,138,Premium,Mobile,Organic,4
2101,277,Ad-Supported,Mobile,Telco-Bundle,9
2102,214,Ad-Supported,Mobile,Organic,7
2103,399,Ad-Supported,Web,Organic,13
2104,308,Ad-Supported,Mobile,Paid-Social,10
2105,7,Premium,CTV,Telco-Bundle,0
2106,152,Ad-Supported,Mobile,Telco-Bundle,5
2107,116,Premium,Mobile,Telco-Bundle,3
2108,235,Premium,Web,Organic,7
2109,106,Ad-Supported,CTV,Paid-Social,3
2110,386,Premium,Mobile,Organic,12
2111,120,Ad-Supported,Web,Organic,4
2112,209,Premium,Mobile,Organic,6
2113,50,Premium,Mobile,Paid-Social,1
2114,364,Ad-Supported,Mobile,Organic,12
2115,364,Premium,CTV,Organic,12
2116,317,Ad-Supported,Mobile,Telco-Bundle,10
2117,141,Ad-Supported,Web,Organic,4
2118,24,Premium,CTV,Referral,0
2119,284,Ad-Supported,Mobile,Paid-Social,9
2120,172,Ad-Supported,Web,Organic,5
2121,396,Ad-Supported,Mobile,Telco-Bundle,13
2122,279,Ad-Supported,Mobile,Paid-Social,9
2123,215,Premium,Mobile,Telco-Bundle,7
2124,394,Ad-Supported,Mobile,Paid-Social,13
2125,320,Ad-Supported,Mobile,Paid-Social,10
2126,183,Ad-Supported,Mobile,Telco-Bundle,6
2127,8,Premium,CTV,Paid-Social,0
2128,38,Ad-Supported,Mobile,Paid-Social,1
2129,178,Ad-Supported,Mobile,Organic,5
2130,225,Ad-Supported,CTV,Organic,7
2131,13,Ad-Supported,Mobile,Organic,0
2132,51,Premium,CTV,Telco-Bundle,1
2133,282,Ad-Supported,CTV,Organic,9
2134,300,Ad-Supported,Mobile,Referral,10
2135,12,Premium,Mobile,Organic,0
2136,203,Ad-Supported,Mobile,Paid-Social,6
2137,33,Ad-Supported,Mobile,Organic,1
2138,289,Ad-Supported,CTV,Telco-Bundle,9
2139,333,Ad-Supported,CTV,Telco-Bundle,11
2140,347,Premium,CTV,Paid-Social,11
2141,239,Premium,Mobile,Paid-Social,7
2142,251,Premium,Tablet,Telco-Bundle,8
2143,370,Premium,Mobile,Organic,12
2144,245,Ad-Supported,Web,Paid-Social,8
2145,179,Ad-Supported,Web,Telco-Bundle,5
2146,302,Premium,Mobile,Organic,10
2147,236,Premium,Mobile,Telco-Bundle,7
2148,337,Premium,Mobile,Telco-Bundle,11
2149,210,Ad-Supported,Web,Organic,7
2150,347,Premium,Mobile,Organic,11
2151,18,Premium,Web,Paid-Social,0
2152,15,Premium,CTV,Telco-Bundle,0
2153,40,Premium,Mobile,Paid-Social,1
2154,222,Ad-Supported,CTV,Paid-Social,7
2155,283,Ad-Supported,Mobile,Organic,9
2156,87,Ad-Supported,Mobile,Organic,2
2157,63,Ad-Supported,Tablet,Organic,2
2158,344,Premium,Mobile,Organic,11
2159,300,Ad-Supported,Web,Organic,10
2160,259,Ad-Supported,Tablet,Organic,8
2161,195,Ad-Supported,Mobile,Telco-Bundle,6
2162,168,Premium,CTV,Telco-Bundle,5
2163,9,Ad-Supported,Mobile,Organic,0
2164,76,Ad-Supported,CTV,Paid-Social,2
2165,358,Premium,Tablet,Organic,11
2166,136,Ad-Supported,Web,Paid-Social,4
2167,282,Ad-Supported,Web,Referral,9
2168,281,Ad-Supported,Mobile,Paid-Social,9
2169,124,Ad-Supported,CTV,Organic,4
2170,82,Premium,Mobile,Organic,2
2171,276,Premium,Web,Telco-Bundle,9
2172,38,Ad-Supported,Mobile,Organic,1
2173,198,Premium,Mobile,Referral,6
2174,355,Premium,Mobile,Paid-Social,11
2175,284,Ad-Supported,Mobile,Organic,9
2176,305,Ad-Supported,Mobile,Paid-Social,10
2177,34,Ad-Supported,Mobile,Telco-Bundle,1
2178,80,Premium,Web,Paid-Social,2
2179,110,Ad-Supported,Web,Referral,3
2180,117,Ad-Supported,Mobile,Referral,3
2181,78,Premium,Web,Organic,2
2182,388,Premium,Mobile,Organic,12
2183,66,Premium,Web,Organic,2
2184,283,Premium,Mobile,Telco-Bundle,9
2185,235,Ad-Supported,CTV,Telco-Bundle,7
2186,244,Premium,Mobile,Organic,8
2187,86,Ad-Supported,Mobile,Referral,2
2188,123,Ad-Supported,CTV,Organic,4
2189,242,Premium,Web,Telco-Bundle,8
2190,120,Ad-Supported,Web,Telco-Bundle,4
2191,277,Ad-Supported,Mobile,Organic,9
2192,16,Premium,CTV,Organic,0
2193,30,Ad-Supported,Web,Organic,1
2194,291,Ad-Supported,Mobile,Referral,9
2195,247,Ad-Supported,Mobile,Paid-Social,8
2196,18,Premium,Mobile,Telco-Bundle,0
2197,359,Premium,Mobile,Paid-Social,11
2198,2,Ad-Supported,Mobile,Paid-Social,0
2199,382,Ad-Supported,Mobile,Referral,12
2200,292,Premium,CTV,Paid-Social,9
2201,395,Ad-Supported,CTV,Telco-Bundle,13
2202,379,Ad-Supported,Web,Paid-Social,12
2203,125,Ad-Supported,CTV,Organic,4
2204,302,Ad-Supported,Mobile,Organic,10
2205,85,Ad-Supported,Tablet,Organic,2
2206,189,Premium,CTV,Telco-Bundle,6
2207,96,Premium,CTV,Paid-Social,3
2208,194,Ad-Supported,Mobile,Paid-Social,6
2209,349,Premium,CTV,Organic,11
2210,175,Ad-Supported,CTV,Telco-Bundle,5
2211,37,Ad-Supported,CTV,Telco-Bundle,1
2212,130,Premium,Web,Telco-Bundle,4
2213,314,Ad-Supported,Web,Referral,10
2214,209,Premium,Tablet,Organic,6
2215,224,Ad-Supported,CTV,Organic,7
2216,173,Ad-Supported,Tablet,Paid-Social,5
2217,117,Ad-Supported,Web,Organic,3
2218,239,Ad-Supported,Mobile,Telco-Bundle,7
2219,253,Premium,CTV,Telco-Bundle,8
2220,359,Premium,Mobile,Organic,11
2221,247,Ad-Supported,Mobile,Referral,8
2222,398,Ad-Supported,Mobile,Organic,13
2223,330,Premium,Mobile,Telco-Bundle,11
2224,32,Premium,Mobile,Paid-Social,1
2225,157,Ad-Supported,Mobile,Telco-Bundle,5
2226,154,Ad-Supported,Mobile,Organic,5
2227,2,Ad-Supported,CTV,Referral,0
2228,73,Ad-Supported,Web,Referral,2
2229,305,Ad-Supported,Tablet,Paid-Social,10
2230,141,Ad-Supported,Mobile,Paid-Social,4
2231,60,Ad-Supported,Mobile,Telco-Bundle,2
2232,115,Ad-Supported,Web,Paid-Social,3
2233,110,Ad-Supported,Mobile,Paid-Social,3
2234,70,Premium,Tablet,Paid-Social,2
2235,41,Ad-Supported,CTV,Telco-Bundle,1
2236,305,Ad-Supported,CTV,Telco-Bundle,10
2237,329,Ad-Supported,Mobile,Organic,10
2238,199,Ad-Supported,Mobile,Referral,6
2239,246,Premium,CTV,Organic,8
2240,367,Ad-Supported,Mobile,Organic,12
2241,337,Ad-Supported,Web,Referral,11
2242,14,Premium,CTV,Organic,0
2243,381,Premium,Mobile,Organic,12
2244,27,Premium,Mobile,Paid-Social,0
2245,11,Ad-Supported,Mobile,Telco-Bundle,0
2246,161,Ad-Supported,Mobile,Organic,5
2247,298,Premium,CTV,Paid-Social,9
2248,33,Ad-Supported,CTV,Organic,1
2249,117,Premium,Web,Paid-Social,3
2250,105,Premium,Mobile,Organic,3
2251,159,Ad-Supported,Mobile,Organic,5
2252,394,Ad-Supported,Web,Referral,13
2253,133,Ad-Supported,CTV,Telco-Bundle,4
2254,84,Ad-Supported,CTV,Telco-Bundle,2
2255,49,Premium,CTV,Referral,1
2256,80,Premium,Web,Referral,2
2257,54,Ad-Supported,Mobile,Telco-Bundle,1
2258,229,Premium,Mobile,Organic,7
2259,168,Ad-Supported,Web,Telco-Bundle,5
2260,199,Premium,Mobile,Paid-Social,6
2261,333,Ad-Supported,Web,Organic,11
2262,232,Premium,Mobile,Paid-Social,7
2263,62,Premium,Mobile,Organic,2
2264,151,Ad-Supported,Mobile,Paid-Social,5
2265,125,Ad-Supported,Web,Telco-Bundle,4
2266,330,Premium,Web,Paid-Social,11
2267,123,Ad-Supported,Mobile,Organic,4
2268,56,Premium,Mobile,Organic,1
2269,294,Premium,Mobile,Telco-Bundle,9
2270,171,Premium,Mobile,Paid-Social,5
2271,39,Ad-Supported,CTV,Paid-Social,1
2272,276,Ad-Supported,Mobile,Telco-Bundle,9
2273,84,Premium,Mobile,Telco-Bundle,2
2274,347,Ad-Supported,Mobile,Paid-Social,11
2275,333,Ad-Supported,CTV,Telco-Bundle,11
2276,148,Ad-Supported,CTV,Organic,4
2277,222,Premium,CTV,Referral,7
2278,227,Ad-Supported,CTV,Paid-Social,7
2279,261,Ad-Supported,Tablet,Telco-Bundle,8
2280,28,Ad-Supported,Mobile,Organic,0
2281,130,Premium,Web,Telco-Bundle,4
2282,68,Ad-Supported,CTV,Paid-Social,2
2283,279,Premium,Mobile,Paid-Social,9
2284,28,Premium,Web,Telco-Bundle,0
2285,207,Premium,CTV,Telco-Bundle,6
2286,291,Premium,CTV,Organic,9
2287,379,Ad-Supported,Mobile,Telco-Bundle,12
2288,115,Premium,Mobile,Organic,3
2289,4,Ad-Supported,Web,Paid-Social,0
2290,289,Premium,Mobile,Organic,9
2291,1,Ad-Supported,Mobile,Organic,0
2292,27,Premium,Mobile,Telco-Bundle,0
2293,396,Premium,Mobile,Organic,13
2294,345,Ad-Supported,Web,Referral,11
2295,283,Premium,CTV,Organic,9
2296,334,Ad-Supported,Web,Telco-Bundle,11
2297,31,Ad-Supported,Mobile,Organic,1
2298,36,Ad-Supported,Mobile,Telco-Bundle,1
2299,121,Ad-Supported,Mobile,Referral,4
2300,10,Ad-Supported,Mobile,Paid-Social,0
2301,355,Premium,CTV,Paid-Social,11
2302,23,Ad-Supported,Mobile,Telco-Bundle,0
2303,218,Ad-Supported,Mobile,Telco-Bundle,7
2304,341,Premium,Web,Organic,11
2305,294,Premium,CTV,Telco-Bundle,9
2306,94,Ad-Supported,Mobile,Telco-Bundle,3
2307,188,Premium,CTV,Telco-Bundle,6
2308,219,Ad-Supported,CTV,Organic,7
2309,307,Ad-Supported,Web,Paid-Social,10
2310,171,Ad-Supported,CTV,Referral,5
2311,114,Premium,Mobile,Paid-Social,3
2312,318,Ad-Supported,Mobile,Paid-Social,10
2313,354,Ad-Supported,Mobile,Referral,11
2314,196,Premium,CTV,Organic,6
2315,12,Ad-Supported,CTV,Paid-Social,0
2316,200,Ad-Supported,CTV,Telco-Bundle,6
2317,355,Premium,CTV,Telco-Bundle,11
2318,395,Premium,Mobile,Referral,13
2319,161,Ad-Supported,Mobile,Telco-Bundle,5
2320,60,Ad-Supported,Mobile,Organic,2
2321,229,Premium,Mobile,Paid-Social,7
2322,332,Ad-Supported,CTV,Organic,11
2323,378,Ad-Supported,Tablet,Referral,12
2324,21,Ad-Supported,Mobile,Organic,0
2325,116,Ad-Supported,CTV,Paid-Social,3
2326,191,Premium,Mobile,Paid-Social,6
2327,40,Ad-Supported,CTV,Organic,1
2328,354,Ad-Supported,Mobile,Organic,11
2329,45,Ad-Supported,CTV,Telco-Bundle,1
2330,266,Ad-Supported,Mobile,Organic,8
2331,367,Ad-Supported,Mobile,Referral,12
2332,274,Premium,CTV,Referral,9
2333,305,Premium,Mobile,Organic,10
2334,106,Ad-Supported,Mobile,Telco-Bundle,3
2335,331,Ad-Supported,Mobile,Organic,11
2336,168,Ad-Supported,Tablet,Organic,5
2337,25,Ad-Supported,Mobile,Organic,0
2338,147,Ad-Supported,CTV,Telco-Bundle,4
2339,140,Ad-Supported,Web,Telco-Bundle,4
2340,209,Premium,CTV,Organic,6
2341,106,Premium,Mobile,Telco-Bundle,3
2342,185,Ad-Supported,CTV,Telco-Bundle,6
2343,171,Premium,Mobile,Telco-Bundle,5
2344,131,Ad-Supported,CTV,Paid-Social,4
2345,278,Ad-Supported,Mobile,Telco-Bundle,9
2346,122,Premium,Web,Telco-Bundle,4
2347,306,Ad-Supported,Web,Organic,10
2348,101,Ad-Supported,Mobile,Telco-Bundle,3
2349,346,Premium,Mobile,Organic,11
2350,146,Ad-Supported,Mobile,Telco-Bundle,4
2351,17,Premium,CTV,Telco-Bundle,0
2352,60,Ad-Supported,Mobile,Organic,2
2353,322,Premium,CTV,Organic,10
2354,348,Ad-Supported,CTV,Telco-Bundle,11
2355,85,Ad-Supported,Tablet,Telco-Bundle,2
2356,241,Ad-Supported,Mobile,Telco-Bundle,8
2357,230,Premium,Mobile,Telco-Bundle,7
2358,54,Ad-Supported,Mobile,Organic,1
2359,181,Premium,CTV,Organic,6
2360,277,Ad-Supported,Mobile,Telco-Bundle,9
2361,386,Ad-Supported,Mobile,Paid-Social,12
2362,339,Ad-Supported,Mobile,Telco-Bundle,11
2363,40,Ad-Supported,CTV,Organic,1
2364,95,Premium,Tablet,Organic,3
2365,175,Ad-Supported,Mobile,Telco-Bundle,5
2366,61,Premium,Mobile,Telco-Bundle,2
2367,228,Ad-Supported,Mobile,Telco-Bundle,7
2368,4,Ad-Supported,Mobile,Organic,0
2369,46,Ad-Supported,Tablet,Telco-Bundle,1
2370,19,Premium,Mobile,Paid-Social,0
2371,118,Premium,CTV,Telco-Bundle,3
2372,305,Ad-Supported,Web,Telco-Bundle,10
2373,71,Premium,CTV,Paid-Social,2
2374,394,Ad-Supported,Mobile,Telco-Bundle,13
2375,108,Ad-Supported,CTV,Paid-Social,3
2376,18,Premium,Mobile,Paid-Social,0
2377,134,Ad-Supported,Mobile,Telco-Bundle,4
2378,299,Premium,Tablet,Organic,9
2379,43,Premium,Mobile,Referral,1
2380,29,Premium,Mobile,Organic,0
2381,339,Premium,Mobile,Organic,11
2382,237,Ad-Supported,Mobile,Telco-Bundle,7
2383,137,Premium,CTV,Organic,4
2384,302,Ad-Supported,Web,Referral,10
2385,337,Ad-Supported,CTV,Paid-Social,11
2386,144,Ad-Supported,Mobile,Organic,4
2387,224,Ad-Supported,Mobile,Organic,7
2388,5,Premium,Mobile,Organic,0
2389,123,Premium,CTV,Organic,4
2390,238,Ad-Supported,Web,Organic,7
2391,79,Ad-Supported,CTV,Organic,2
2392,396,Premium,Web,Organic,13
2393,388,Ad-Supported,Web,Paid-Social,12
2394,103,Premium,Mobile,Organic,3
2395,159,Premium,CTV,Organic,5
2396,76,Ad-Supported,CTV,Organic,2
2397,202,Ad-Supported,Tablet,Organic,6
2398,50,Ad-Supported,Mobile,Organic,1
2399,156,Ad-Supported,CTV,Organic,5
2400,222,Ad-Supported,Mobile,Paid-Social,7
2401,245,Ad-Supported,CTV,Referral,8
2402,238,Ad-Supported,Web,Organic,7
2403,89,Ad-Supported,Web,Organic,2
2404,317,Ad-Supported,Mobile,Telco-Bundle,10
2405,277,Premium,Mobile,Paid-Social,9
2406,301,Ad-Supported,Web,Organic,10
2407,187,Premium,CTV,Telco-Bundle,6
2408,357,Ad-Supported,Web,Telco-Bundle,11
2409,156,Ad-Supported,Mobile,Referral,5
2410,322,Ad-Supported,Web,Referral,10
2411,82,Premium,CTV,Paid-Social,2
2412,99,Ad-Supported,Mobile,Telco-Bundle,3
2413,211,Ad-Supported,Mobile,Paid-Social,7
2414,222,Ad-Supported,CTV,Telco-Bundle,7
2415,298,Premium,Mobile,Paid-Social,9
2416,119,Ad-Supported,Web,Organic,3
2417,349,Ad-Supported,CTV,Organic,11
2418,132,Premium,Mobile,Paid-Social,4
2419,214,Ad-Supported,Mobile,Paid-Social,7
2420,372,Ad-Supported,Tablet,Telco-Bundle,12
2421,216,Premium,CTV,Organic,7
2422,273,Ad-Supported,Web,Telco-Bundle,9
2423,363,Ad-Supported,Web,Organic,12
2424,389,Ad-Supported,CTV,Paid-Social,12
2425,200,Ad-Supported,Tablet,Paid-Social,6
2426,167,Premium,CTV,Organic,5
2427,79,Premium,CTV,Paid-Social,2
2428,215,Ad-Supported,Mobile,Organic,7
2429,367,Ad-Supported,Mobile,Organic,12
2430,195,Premium,CTV,Telco-Bundle,6
2431,140,Premium,Mobile,Organic,4
2432,43,Ad-Supported,CTV,Telco-Bundle,1
2433,156,Premium,Tablet,Telco-Bundle,5
2434,95,Ad-Supported,Mobile,Organic,3
2435,390,Premium,Mobile,Telco-Bundle,13
2436,211,Ad-Supported,CTV,Telco-Bundle,7
2437,55,Ad-Supported,Mobile,Telco-Bundle,1
2438,27,Premium,Web,Telco-Bundle,0
2439,340,Premium,CTV,Paid-Social,11
2440,372,Ad-Supported,Mobile,Referral,12
2441,305,Ad-Supported,CTV,Organic,10
2442,50,Premium,CTV,Organic,1
2443,40,Ad-Supported,Mobile,Telco-Bundle,1
2444,79,Ad-Supported,Mobile,Organic,2
2445,300,Premium,Mobile,Telco-Bundle,10
2446,306,Ad-Supported,Web,Paid-Social,10
2447,335,Ad-Supported,Mobile,Organic,11
2448,39,Ad-Supported,Mobile,Telco-Bundle,1
2449,62,Premium,Mobile,Organic,2
2450,360,Ad-Supported,Mobile,Organic,12
2451,371,Premium,Mobile,Telco-Bundle,12
2452,290,Premium,Web,Telco-Bundle,9
2453,43,Premium,Mobile,Telco-Bundle,1
2454,28,Ad-Supported,CTV,Organic,0
2455,23,Ad-Supported,Mobile,Telco-Bundle,0
2456,277,Ad-Supported,Mobile,Telco-Bundle,9
2457,338,Ad-Supported,Mobile,Telco-Bundle,11
2458,253,Premium,CTV,Organic,8
2459,105,Premium,Tablet,Paid-Social,3
2460,303,Ad-Supported,Mobile,Paid-Social,10
2461,24,Ad-Supported,Tablet,Paid-Social,0
2462,331,Premium,Mobile,Organic,11
2463,356,Ad-Supported,CTV,Paid-Social,11
2464,287,Premium,CTV,Telco-Bundle,9
2465,351,Ad-Supported,Mobile,Paid-Social,11
2466,234,Premium,Mobile,Paid-Social,7
2467,187,Premium,Mobile,Organic,6
2468,129,Ad-Supported,CTV,Telco-Bundle,4
2469,368,Ad-Supported,Mobile,Paid-Social,12
2470,279,Premium,Web,Paid-Social,9
2471,77,Ad-Supported,Mobile,Referral,2
2472,382,Ad-Supported,Web,Telco-Bundle,12
2473,24,Ad-Supported,Mobile,Organic,0
2474,235,Ad-Supported,CTV,Telco-Bundle,7
2475,77,Premium,Mobile,Referral,2
2476,266,Ad-Supported,Mobile,Organic,8
2477,165,Ad-Supported,Mobile,Telco-Bundle,5
2478,175,Premium,CTV,Organic,5
2479,268,Ad-Supported,Mobile,Telco-Bundle,8
2480,302,Ad-Supported,CTV,Telco-Bundle,10
2481,152,Premium,Tablet,Referral,5
2482,399,Premium,Mobile,Telco-Bundle,13
2483,199,Ad-Supported,Mobile,Organic,6
2484,64,Premium,Mobile,Paid-Social,2
2485,3,Ad-Supported,Mobile,Referral,0
2486,81,Ad-Supported,Mobile,Organic,2
2487,276,Premium,CTV,Organic,9
2488,216,Premium,Mobile,Telco-Bundle,7
2489,135,Ad-Supported,Mobile,Paid-Social,4
2490,193,Ad-Supported,CTV,Organic,6
2491,335,Ad-Supported,Mobile,Organic,11
2492,229,Ad-Supported,CTV,Organic,7
2493,24,Premium,Tablet,Telco-Bundle,0
2494,20,Premium,Mobile,Paid-Social,0
2495,193,Ad-Supported,CTV,Paid-Social,6
2496,162,Ad-Supported,Web,Telco-Bundle,5
2497,340,Ad-Supported,CTV,Organic,11
2498,233,Ad-Supported,Web,Telco-Bundle,7
2499,302,Premium,Web,Paid-Social,10
2500,234,Ad-Supported,CTV,Paid-Social,7
2501,138,Ad-Supported,CTV,Paid-Social,4
2502,263,Premium,CTV,Telco-Bundle,8
2503,248,Premium,CTV,Referral,8
2504,288,Ad-Supported,CTV,Organic,9
2505,76,Ad-Supported,Mobile,Organic,2
2506,256,Ad-Supported,Web,Paid-Social,8
2507,114,Ad-Supported,Mobile,Paid-Social,3
2508,316,Ad-Supported,Mobile,Organic,10
2509,319,Ad-Supported,Mobile,Telco-Bundle,10
2510,250,Ad-Supported,Mobile,Telco-Bundle,8
2511,378,Ad-Supported,CTV,Paid-Social,12
2512,215,Premium,Mobile,Paid-Social,7
2513,11,Ad-Supported,CTV,Organic,0
2514,242,Premium,CTV,Paid-Social,8
2515,311,Premium,Mobile,Paid-Social,10
2516,41,Premium,Mobile,Telco-Bundle,1
2517,42,Premium,CTV,Paid-Social,1
2518,109,Premium,CTV,Organic,3
2519,337,Premium,Mobile,Organic,11
2520,211,Ad-Supported,Mobile,Organic,7
2521,390,Ad-Supported,Mobile,Referral,13
2522,349,Ad-Supported,Mobile,Telco-Bundle,11
2523,222,Ad-Supported,Mobile,Telco-Bundle,7
2524,271,Ad-Supported,Tablet,Telco-Bundle,9
2525,133,Ad-Supported,Mobile,Organic,4
2526,37,Ad-Supported,Mobile,Telco-Bundle,1
2527,160,Ad-Supported,Web,Telco-Bundle,5
2528,237,Ad-Supported,CTV,Organic,7
2529,73,Premium,Mobile,Paid-Social,2
2530,89,Ad-Supported,CTV,Telco-Bundle,2
2531,6,Premium,Tablet,Telco-Bundle,0
2532,293,Ad-Supported,Mobile,Organic,9
2533,359,Premium,Mobile,Telco-Bundle,11
2534,331,Premium,Web,Referral,11
2535,152,Ad-Supported,Web,Referral,5
2536,237,Premium,Tablet,Organic,7
2537,384,Ad-Supported,Mobile,Organic,12
2538,236,Ad-Supported,Tablet,Telco-Bundle,7
2539,119,Premium,Mobile,Organic,3
2540,136,Ad-Supported,CTV,Organic,4
2541,291,Ad-Supported,Web,Telco-Bundle,9
2542,179,Ad-Supported,Mobile,Organic,5
2543,335,Ad-Supported,Mobile,Paid-Social,11
2544,345,Ad-Supported,CTV,Referral,11
2545,15,Ad-Supported,Web,Paid-Social,0
2546,289,Ad-Supported,Mobile,Referral,9
2547,148,Ad-Supported,Web,Paid-Social,4
2548,208,Ad-Supported,Mobile,Organic,6
2549,106,Ad-Supported,Mobile,Organic,3
2550,147,Premium,Mobile,Paid-Social,4
2551,132,Ad-Supported,Web,Organic,4
2552,21,Ad-Supported,Mobile,Telco-Bundle,0
2553,313,Premium,CTV,Referral,10
2554,58,Premium,Mobile,Organic,1
2555,150,Ad-Supported,Web,Organic,5
2556,78,Ad-Supported,Web,Telco-Bundle,2
2557,65,Premium,Mobile,Paid-Social,2
2558,149,Premium,Mobile,Organic,4
2559,367,Ad-Supported,Mobile,Organic,12
2560,377,Ad-Supported,Mobile,Organic,12
2561,153,Ad-Supported,Web,Paid-Social,5
2562,202,Ad-Supported,CTV,Organic,6
2563,394,Premium,Mobile,Telco-Bundle,13
2564,94,Premium,CTV,Organic,3
2565,377,Ad-Supported,Mobile,Paid-Social,12
2566,43,Premium,Mobile,Paid-Social,1
2567,91,Premium,Mobile,Organic,3
2568,135,Ad-Supported,Mobile,Telco-Bundle,4
2569,15,Premium,CTV,Telco-Bundle,0
2570,326,Ad-Supported,Mobile,Telco-Bundle,10
2571,342,Ad-Supported,CTV,Paid-Social,11
2572,153,Ad-Supported,Mobile,Paid-Social,5
2573,334,Ad-Supported,CTV,Organic,11
2574,309,Premium,Mobile,Paid-Social,10
2575,320,Ad-Supported,Mobile,Paid-Social,10
2576,321,Ad-Supported,Mobile,Paid-Social,10
2577,229,Ad-Supported,Mobile,Organic,7
2578,45,Ad-Supported,Mobile,Organic,1
2579,369,Ad-Supported,Mobile,Organic,12
2580,243,Premium,Web,Organic,8
2581,360,Ad-Supported,Mobile,Paid-Social,12
2582,383,Ad-Supported,CTV,Referral,12
2583,75,Ad-Supported,CTV,Organic,2
2584,161,Ad-Supported,CTV,Organic,5
2585,77,Premium,CTV,Organic,2
2586,21,Ad-Supported,Mobile,Organic,0
2587,386,Ad-Supported,CTV,Telco-Bundle,12
2588,369,Premium,Web,Organic,12
2589,372,Premium,Web,Referral,12
2590,353,Premium,Mobile,Telco-Bundle,11
2591,259,Ad-Supported,CTV,Paid-Social,8
2592,209,Ad-Supported,Mobile,Referral,6
2593,396,Premium,Mobile,Telco-Bundle,13
2594,221,Ad-Supported,Mobile,Referral,7
2595,257,Premium,Mobile,Organic,8
2596,85,Ad-Supported,CTV,Referral,2
2597,298,Premium,Web,Organic,9
2598,327,Ad-Supported,Mobile,Paid-Social,10
2599,271,Ad-Supported,CTV,Referral,9
2600,199,Ad-Supported,CTV,Paid-Social,6
2601,79,Ad-Supported,Tablet,Organic,2
2602,14,Premium,CTV,Organic,0
2603,251,Ad-Supported,Mobile,Organic,8
2604,273,Ad-Supported,Mobile,Paid-Social,9
2605,309,Premium,CTV,Paid-Social,10
2606,380,Premium,Mobile,Paid-Social,12
2607,199,Ad-Supported,Web,Telco-Bundle,6
2608,331,Premium,Web,Organic,11
2609,286,Ad-Supported,Tablet,Telco-Bundle,9
2610,111,Premium,Mobile,Paid-Social,3
2611,338,Ad-Supported,CTV,Telco-Bundle,11
2612,22,Ad-Supported,CTV,Telco-Bundle,0
2613,239,Ad-Supported,Mobile,Referral,7
2614,376,Ad-Supported,Mobile,Organic,12
2615,263,Ad-Supported,Mobile,Paid-Social,8
2616,374,Ad-Supported,Mobile,Referral,12
2617,23,Premium,Tablet,Telco-Bundle,0
2618,213,Ad-Supported,Web,Organic,7
2619,312,Ad-Supported,Mobile,Telco-Bundle,10
2620,257,Premium,CTV,Telco-Bundle,8
2621,352,Premium,Mobile,Organic,11
2622,185,Premium,Mobile,Telco-Bundle,6
2623,273,Ad-Supported,Mobile,Telco-Bundle,9
2624,168,Ad-Supported,CTV,Paid-Social,5
2625,348,Ad-Supported,CTV,Organic,11
2626,48,Ad-Supported,Web,Paid-Social,1
2627,102,Ad-Supported,Web,Paid-Social,3
2628,39,Premium,Mobile,Paid-Social,1
2629,281,Ad-Supported,CTV,Telco-Bundle,9
2630,93,Premium,Mobile,Paid-Social,3
2631,127,Ad-Supported,Mobile,Telco-Bundle,4
2632,334,Ad-Supported,CTV,Telco-Bundle,11
2633,144,Ad-Supported,Mobile,Telco-Bundle,4
2634,59,Premium,Mobile,Paid-Social,1
2635,9,Ad-Supported,Mobile,Organic,0
2636,91,Ad-Supported,Mobile,Telco-Bundle,3
2637,365,Ad-Supported,Tablet,Organic,12
2638,219,Premium,Mobile,Paid-Social,7
2639,397,Premium,CTV,Organic,13
2640,86,Premium,Tablet,Paid-Social,2
2641,141,Premium,CTV,Telco-Bundle,4
2642,66,Premium,Mobile,Paid-Social,2
2643,159,Premium,Web,Paid-Social,5
2644,225,Ad-Supported,Mobile,Organic,7
2645,323,Ad-Supported,Mobile,Organic,10
2646,147,Ad-Supported,CTV,Paid-Social,4
2647,308,Ad-Supported,Mobile,Telco-Bundle,10
2648,250,Ad-Supported,Web,Telco-Bundle,8
2649,117,Ad-Supported,Mobile,Referral,3
2650,364,Premium,CTV,Organic,12
2651,174,Premium,CTV,Organic,5
2652,61,Ad-Supported,Tablet,Paid-Social,2
2653,385,Premium,Mobile,Telco-Bundle,12
2654,365,Ad-Supported,Mobile,Telco-Bundle,12
2655,20,Ad-Supported,Tablet,Telco-Bundle,0
2656,361,Ad-Supported,CTV,Paid-Social,12
2657,379,Ad-Supported,Mobile,Paid-Social,12
2658,331,Ad-Supported,Mobile,Referral,11
2659,102,Ad-Supported,Web,Organic,3
2660,252,Ad-Supported,CTV,Telco-Bundle,8
2661,215,Ad-Supported,CTV,Telco-Bundle,7
2662,248,Premium,Web,Organic,8
2663,246,Ad-Supported,Mobile,Referral,8
2664,256,Ad-Supported,Mobile,Telco-Bundle,8
2665,206,Ad-Supported,CTV,Telco-Bundle,6
2666,276,Ad-Supported,Web,Organic,9
2667,211,Ad-Supported,Mobile,Organic,7
2668,7,Ad-Supported,CTV,Telco-Bundle,0
2669,15,Premium,Mobile,Organic,0
2670,383,Ad-Supported,Mobile,Organic,12
2671,363,Premium,Web,Paid-Social,12
2672,234,Ad-Supported,Mobile,Organic,7
2673,70,Ad-Supported,Mobile,Telco-Bundle,2
2674,312,Ad-Supported,Web,Paid-Social,10
2675,58,Ad-Supported,Mobile,Organic,1
2676,151,Ad-Supported,Mobile,Paid-Social,5
2677,132,Ad-Supported,Web,Organic,4
2678,5,Ad-Supported,Mobile,Organic,0
2679,322,Premium,CTV,Paid-Social,10
2680,204,Ad-Supported,Mobile,Paid-Social,6
2681,127,Ad-Supported,Mobile,Organic,4
2682,203,Premium,CTV,Telco-Bundle,6
2683,1,Ad-Supported,Mobile,Paid-Social,0
2684,175,Premium,Web,Paid-Social,5
2685,208,Premium,Web,Organic,6
2686,136,Premium,Web,Telco-Bundle,4
2687,332,Ad-Supported,Mobile,Paid-Social,11
2688,100,Ad-Supported,Mobile,Organic,3
2689,55,Ad-Supported,Web,Telco-Bundle,1
2690,211,Premium,Mobile,Telco-Bundle,7
2691,355,Premium,CTV,Organic,11
2692,150,Ad-Supported,Web,Telco-Bundle,5
2693,19,Ad-Supported,Mobile,Telco-Bundle,0
2694,388,Ad-Supported,Mobile,Organic,12
2695,178,Ad-Supported,CTV,Referral,5
2696,69,Ad-Supported,CTV,Paid-Social,2
2697,246,Premium,Mobile,Telco-Bundle,8
2698,128,Ad-Supported,CTV,Telco-Bundle,4
2699,375,Ad-Supported,Web,Referral,12
2700,118,Premium,Mobile,Paid-Social,3
2701,220,Ad-Supported,Mobile,Telco-Bundle,7
2702,217,Ad-Supported,CTV,Organic,7
2703,97,Premium,Web,Organic,3
2704,200,Ad-Supported,Tablet,Telco-Bundle,6
2705,44,Ad-Supported,Mobile,Paid-Social,1
2706,257,Premium,Web,Telco-Bundle,8
2707,303,Premium,Web,Organic,10
2708,380,Premium,CTV,Organic,12
2709,130,Premium,Mobile,Organic,4
2710,114,Ad-Supported,Mobile,Paid-Social,3
2711,219,Premium,CTV,Organic,7
2712,277,Ad-Supported,Mobile,Organic,9
2713,396,Premium,Mobile,Referral,13
2714,10,Premium,Web,Telco-Bundle,0
2715,96,Premium,Mobile,Telco-Bundle,3
2716,105,Premium,Tablet,Organic,3
2717,102,Ad-Supported,CTV,Paid-Social,3
2718,186,Premium,Web,Telco-Bundle,6
2719,349,Ad-Supported,Mobile,Organic,11
2720,13,Ad-Supported,CTV,Paid-Social,0
2721,326,Premium,CTV,Referral,10
2722,247,Premium,Web,Organic,8
2723,246,Ad-Supported,Mobile,Referral,8
2724,271,Ad-Supported,Mobile,Organic,9
2725,47,Ad-Supported,Tablet,Organic,1
2726,298,Ad-Supported,Mobile,Organic,9
2727,100,Ad-Supported,CTV,Referral,3
2728,207,Premium,Mobile,Telco-Bundle,6
2729,271,Ad-Supported,Mobile,Telco-Bundle,9
2730,241,Premium,CTV,Paid-Social,8
2731,129,Ad-Supported,CTV,Telco-Bundle,4
2732,159,Premium,CTV,Paid-Social,5
2733,191,Ad-Supported,Mobile,Paid-Social,6
2734,17,Premium,CTV,Telco-Bundle,0
2735,290,Premium,Tablet,Telco-Bundle,9
2736,40,Premium,Mobile,Telco-Bundle,1
2737,183,Premium,Mobile,Organic,6
2738,262,Ad-Supported,Mobile,Telco-Bundle,8
2739,33,Ad-Supported,Web,Organic,1
2740,398,Ad-Supported,Mobile,Referral,13
2741,151,Premium,CTV,Paid-Social,5
2742,7,Ad-Supported,Mobile,Organic,0
2743,263,Ad-Supported,CTV,Organic,8
2744,223,Ad-Supported,Web,Paid-Social,7
2745,256,Ad-Supported,CTV,Paid-Social,8
2746,300,Premium,Mobile,Telco-Bundle,10
2747,190,Premium,Mobile,Telco-Bundle,6
2748,330,Premium,CTV,Organic,11
2749,148,Premium,Mobile,Paid-Social,4
2750,218,Premium,Web,Telco-Bundle,7
2751,64,Ad-Supported,Mobile,Telco-Bundle,2
2752,248,Premium,Mobile,Paid-Social,8
2753,105,Ad-Supported,Mobile,Referral,3
2754,278,Premium,CTV,Organic,9
2755,320,Premium,Web,Telco-Bundle,10
2756,343,Ad-Supported,Mobile,Telco-Bundle,11
2757,371,Ad-Supported,Mobile,Paid-Social,12
2758,49,Ad-Supported,Mobile,Organic,1
2759,56,Ad-Supported,Tablet,Telco-Bundle,1
2760,370,Premium,Web,Organic,12
2761,152,Ad-Supported,Mobile,Organic,5
2762,11,Ad-Supported,CTV,Organic,0
2763,115,Ad-Supported,Web,Telco-Bundle,3
2764,334,Ad-Supported,Web,Organic,11
2765,142,Ad-Supported,Mobile,Paid-Social,4
2766,31,Ad-Supported,CTV,Referral,1
2767,289,Ad-Supported,CTV,Telco-Bundle,9
2768,78,Ad-Supported,Mobile,Paid-Social,2
2769,141,Ad-Supported,Mobile,Paid-Social,4
2770,2,Ad-Supported,Mobile,Organic,0
2771,241,Premium,Mobile,Paid-Social,8
2772,178,Ad-Supported,Mobile,Organic,5
2773,346,Ad-Supported,Web,Organic,11
2774,134,Premium,Web,Organic,4
2775,82,Ad-Supported,Mobile,Telco-Bundle,2
2776,67,Ad-Supported,Mobile,Organic,2
2777,80,Premium,CTV,Organic,2
2778,180,Ad-Supported,Mobile,Telco-Bundle,6
2779,35,Premium,Mobile,Organic,1
2780,161,Premium,Web,Telco-Bundle,5
2781,342,Premium,Mobile,Paid-Social,11
2782,307,Premium,Mobile,Paid-Social,10
2783,255,Ad-Supported,CTV,Organic,8
2784,357,Premium,CTV,Organic,11
2785,312,Ad-Supported,Mobile,Telco-Bundle,10
2786,261,Premium,CTV,Paid-Social,8
2787,345,Ad-Supported,Web,Organic,11
2788,50,Ad-Supported,Mobile,Organic,1
2789,327,Ad-Supported,CTV,Paid-Social,10
2790,118,Ad-Supported,Mobile,Organic,3
2791,293,Ad-Supported,Mobile,Paid-Social,9
2792,365,Ad-Supported,Mobile,Paid-Social,12
2793,198,Premium,Mobile,Telco-Bundle,6
2794,36,Ad-Supported,Mobile,Telco-Bundle,1
2795,148,Premium,Web,Paid-Social,4
2796,163,Premium,Mobile,Telco-Bundle,5
2797,374,Premium,Web,Paid-Social,12
2798,377,Ad-Supported,Mobile,Paid-Social,12
2799,227,Premium,Web,Telco-Bundle,7
2800,380,Premium,CTV,Telco-Bundle,12
2801,175,Premium,Mobile,Organic,5
2802,165,Premium,CTV,Referral,5
2803,334,Ad-Supported,Web,Referral,11
2804,267,Ad-Supported,Mobile,Organic,8
2805,209,Premium,Mobile,Paid-Social,6
2806,183,Ad-Supported,CTV,Telco-Bundle,6
2807,282,Premium,CTV,Referral,9
2808,301,Ad-Supported,Mobile,Paid-Social,10
2809,196,Ad-Supported,Web,Organic,6
2810,13,Ad-Supported,Mobile,Telco-Bundle,0
2811,41,Ad-Supported,Mobile,Organic,1
2812,58,Premium,CTV,Telco-Bundle,1
2813,185,Ad-Supported,Tablet,Paid-Social,6
2814,246,Premium,Mobile,Telco-Bundle,8
2815,321,Ad-Supported,Mobile,Organic,10
2816,93,Premium,Mobile,Paid-Social,3
2817,314,Ad-Supported,CTV,Telco-Bundle,10
2818,266,Ad-Supported,Mobile,Organic,8
2819,21,Ad-Supported,Mobile,Organic,0
2820,141,Ad-Supported,Mobile,Organic,4
2821,121,Premium,Web,Telco-Bundle,4
2822,354,Premium,Mobile,Paid-Social,11
2823,368,Ad-Supported,CTV,Telco-Bundle,12
2824,327,Ad-Supported,Mobile,Paid-Social,10
2825,211,Ad-Supported,Mobile,Telco-Bundle,7
2826,197,Ad-Supported,Mobile,Paid-Social,6
2827,125,Ad-Supported,Mobile,Organic,4
2828,309,Ad-Supported,Mobile,Organic,10
2829,35,Ad-Supported,Mobile,Organic,1
2830,109,Premium,Mobile,Telco-Bundle,3
2831,54,Ad-Supported,Mobile,Telco-Bundle,1
2832,198,Ad-Supported,Mobile,Telco-Bundle,6
2833,120,Ad-Supported,Mobile,Telco-Bundle,4
2834,79,Ad-Supported,Mobile,Telco-Bundle,2
2835,151,Ad-Supported,Mobile,Referral,5
2836,344,Premium,CTV,Telco-Bundle,11
2837,223,Ad-Supported,Tablet,Organic,7
2838,329,Premium,CTV,Organic,10
2839,365,Premium,Mobile,Paid-Social,12
2840,360,Premium,Tablet,Telco-Bundle,12
2841,141,Premium,Tablet,Paid-Social,4
2842,351,Ad-Supported,Mobile,Organic,11
2843,363,Ad-Supported,Mobile,Telco-Bundle,12
2844,383,Ad-Supported,CTV,Paid-Social,12
2845,141,Premium,Tablet,Organic,4
2846,92,Premium,Web,Telco-Bundle,3
2847,234,Ad-Supported,CTV,Paid-Social,7
2848,372,Ad-Supported,CTV,Organic,12
2849,360,Ad-Supported,Tablet,Organic,12
2850,228,Ad-Supported,Mobile,Paid-Social,7
2851,60,Premium,Mobile,Paid-Social,2
2852,169,Ad-Supported,Web,Organic,5
2853,285,Ad-Supported,Mobile,Telco-Bundle,9
2854,224,Ad-Supported,Mobile,Telco-Bundle,7
2855,138,Ad-Supported,Mobile,Organic,4
2856,137,Ad-Supported,Mobile,Paid-Social,4
2857,24,Premium,Mobile,Paid-Social,0
2858,116,Ad-Supported,CTV,Organic,3
2859,268,Ad-Supported,Mobile,Organic,8
2860,97,Ad-Supported,CTV,Organic,3
2861,397,Ad-Supported,Mobile,Paid-Social,13
2862,33,Ad-Supported,Tablet,Telco-Bundle,1
2863,235,Ad-Supported,CTV,Paid-Social,7
2864,199,Ad-Supported,Tablet,Referral,6
2865,333,Ad-Supported,Mobile,Paid-Social,11
2866,355,Premium,Mobile,Telco-Bundle,11
2867,217,Premium,Web,Paid-Social,7
2868,252,Premium,Web,Telco-Bundle,8
2869,279,Ad-Supported,Mobile,Telco-Bundle,9
2870,208,Premium,CTV,Paid-Social,6
2871,74,Premium,CTV,Paid-Social,2
2872,172,Ad-Supported,Mobile,Referral,5
2873,97,Ad-Supported,CTV,Referral,3
2874,186,Ad-Supported,Mobile,Referral,6
2875,246,Premium,Mobile,Organic,8
2876,84,Ad-Supported,Web,Organic,2
2877,100,Ad-Supported,Mobile,Paid-Social,3
2878,329,Premium,Web,Telco-Bundle,10
2879,151,Ad-Supported,CTV,Organic,5
2880,80,Premium,Tablet,Paid-Social,2
2881,285,Premium,Mobile,Paid-Social,9
2882,286,Premium,Mobile,Organic,9
2883,330,Premium,Mobile,Telco-Bundle,11
2884,304,Ad-Supported,CTV,Organic,10
2885,396,Premium,Mobile,Telco-Bundle,13
2886,230,Premium,CTV,Organic,7
2887,115,Premium,Mobile,Paid-Social,3
2888,345,Ad-Supported,Mobile,Paid-Social,11
2889,106,Ad-Supported,Web,Organic,3
2890,117,Ad-Supported,Web,Paid-Social,3
2891,331,Ad-Supported,Mobile,Telco-Bundle,11
2892,352,Ad-Supported,CTV,Paid-Social,11
2893,136,Premium,Mobile,Organic,4
2894,292,Premium,Web,Telco-Bundle,9
2895,369,Premium,Mobile,Organic,12
2896,319,Ad-Supported,CTV,Paid-Social,10
2897,2,Ad-Supported,Mobile,Paid-Social,0
2898,266,Ad-Supported,Mobile,Paid-Social,8
2899,68,Ad-Supported,Web,Organic,2
2900,338,Ad-Supported,Mobile,Organic,11
2901,27,Ad-Supported,Mobile,Organic,0
2902,397,Ad-Supported,Mobile,Paid-Social,13
2903,71,Ad-Supported,Mobile,Telco-Bundle,2
2904,168,Ad-Supported,CTV,Telco-Bundle,5
2905,94,Ad-Supported,Mobile,Organic,3
2906,325,Ad-Supported,CTV,Organic,10
2907,158,Premium,Web,Telco-Bundle,5
2908,298,Ad-Supported,Mobile,Paid-Social,9
2909,27,Ad-Supported,Web,Telco-Bundle,0
2910,181,Ad-Supported,Mobile,Organic,6
2911,364,Premium,Mobile,Organic,12
2912,370,Ad-Supported,Mobile,Paid-Social,12
2913,84,Premium,Mobile,Telco-Bundle,2
2914,158,Ad-Supported,Mobile,Paid-Social,5
2915,164,Premium,Mobile,Organic,5
2916,226,Premium,Web,Organic,7
2917,215,Ad-Supported,CTV,Telco-Bundle,7
2918,43,Premium,Tablet,Organic,1
2919,305,Ad-Supported,CTV,Telco-Bundle,10
2920,91,Premium,CTV,Organic,3
2921,126,Ad-Supported,Mobile,Organic,4
2922,336,Ad-Supported,CTV,Organic,11
2923,276,Premium,Mobile,Referral,9
2924,159,Premium,Tablet,Organic,5
2925,365,Ad-Supported,Tablet,Organic,12
2926,158,Premium,Mobile,Telco-Bundle,5
2927,226,Ad-Supported,CTV,Organic,7
2928,99,Ad-Supported,CTV,Organic,3
2929,74,Premium,CTV,Organic,2
2930,197,Ad-Supported,Mobile,Telco-Bundle,6
2931,225,Ad-Supported,CTV,Paid-Social,7
2932,322,Premium,Web,Telco-Bundle,10
2933,156,Ad-Supported,Mobile,Telco-Bundle,5
2934,358,Ad-Supported,CTV,Paid-Social,11
2935,243,Ad-Supported,Mobile,Organic,8
2936,28,Premium,Tablet,Telco-Bundle,0
2937,295,Ad-Supported,Mobile,Telco-Bundle,9
2938,230,Ad-Supported,Mobile,Telco-Bundle,7
2939,156,Premium,Mobile,Organic,5
2940,187,Ad-Supported,Web,Telco-Bundle,6
2941,121,Ad-Supported,CTV,Telco-Bundle,4
2942,246,Premium,Mobile,Referral,8
2943,227,Premium,Mobile,Organic,7
2944,179,Ad-Supported,Web,Telco-Bundle,5
2945,114,Premium,Mobile,Telco-Bundle,3
2946,160,Premium,Mobile,Telco-Bundle,5
2947,199,Ad-Supported,Tablet,Telco-Bundle,6
2948,189,Premium,Mobile,Telco-Bundle,6
2949,124,Premium,CTV,Paid-Social,4
2950,233,Ad-Supported,Mobile,Organic,7
2951,91,Ad-Supported,CTV,Paid-Social,3
2952,200,Premium,Web,Telco-Bundle,6
2953,49,Premium,Mobile,Organic,1
2954,189,Ad-Supported,CTV,Telco-Bundle,6
2955,313,Premium,Web,Referral,10
2956,327,Premium,Web,Telco-Bundle,10
2957,278,Premium,Mobile,Telco-Bundle,9
2958,298,Premium,Mobile,Telco-Bundle,9
2959,27,Ad-Supported,Web,Organic,0
2960,137,Ad-Supported,Mobile,Paid-Social,4
2961,262,Ad-Supported,Mobile,Paid-Social,8
2962,320,Ad-Supported,Mobile,Telco-Bundle,10
2963,233,Ad-Supported,Web,Organic,7
2964,341,Premium,Mobile,Organic,11
2965,109,Premium,Mobile,Telco-Bundle,3
2966,62,Ad-Supported,CTV,Paid-Social,2
2967,35,Premium,Mobile,Telco-Bundle,1
2968,233,Ad-Supported,Mobile,Paid-Social,7
2969,266,Ad-Supported,Mobile,Telco-Bundle,8
2970,114,Ad-Supported,Mobile,Paid-Social,3
2971,313,Ad-Supported,Tablet,Telco-Bundle,10
2972,295,Ad-Supported,Mobile,Telco-Bundle,9
2973,144,Premium,Web,Organic,4
2974,96,Premium,Mobile,Organic,3
2975,297,Ad-Supported,Mobile,Telco-Bundle,9
2976,268,Ad-Supported,Mobile,Organic,8
2977,69,Ad-Supported,CTV,Telco-Bundle,2
2978,102,Premium,Mobile,Organic,3
2979,194,Premium,Mobile,Telco-Bundle,6
2980,204,Ad-Supported,Tablet,Organic,6
2981,67,Ad-Supported,Mobile,Paid-Social,2
2982,379,Ad-Supported,Web,Paid-Social,12
2983,156,Premium,Mobile,Organic,5
2984,153,Ad-Supported,Mobile,Paid-Social,5
2985,25,Ad-Supported,CTV,Telco-Bundle,0
2986,350,Ad-Supported,Mobile,Telco-Bundle,11
2987,94,Ad-Supported,Mobile,Referral,3
2988,394,Ad-Supported,Mobile,Telco-Bundle,13
2989,198,Ad-Supported,Mobile,Telco-Bundle,6
2990,350,Premium,Web,Paid-Social,11
2991,72,Ad-Supported,Mobile,Referral,2
2992,67,Ad-Supported,Tablet,Paid-Social,2
2993,320,Ad-Supported,Mobile,Paid-Social,10
2994,328,Ad-Supported,Mobile,Telco-Bundle,10
2995,217,Premium,Mobile,Referral,7
2996,13,Premium,CTV,Paid-Social,0
2997,377,Ad-Supported,Web,Organic,12
2998,157,Premium,Web,Telco-Bundle,5
2999,374,Premium,Mobile,Telco-Bundle,12
3000,348,Premium,Mobile,Paid-Social,11
3001,340,Ad-Supported,Web,Telco-Bundle,11
3002,275,Ad-Supported,Mobile,Paid-Social,9
3003,269,Ad-Supported,CTV,Organic,8
3004,213,Premium,Mobile,Telco-Bundle,7
3005,10,Ad-Supported,Mobile,Paid-Social,0
3006,155,Ad-Supported,Mobile,Telco-Bundle,5
3007,292,Ad-Supported,Mobile,Organic,9
3008,325,Ad-Supported,Web,Telco-Bundle,10
3009,224,Ad-Supported,CTV,Organic,7
3010,284,Premium,Web,Referral,9
3011,9,Ad-Supported,CTV,Telco-Bundle,0
3012,187,Premium,Mobile,Organic,6
3013,203,Premium,Mobile,Referral,6
3014,357,Ad-Supported,Mobile,Paid-Social,11
3015,125,Premium,Web,Paid-Social,4
3016,92,Ad-Supported,Mobile,Referral,3
3017,141,Premium,Tablet,Referral,4
3018,68,Premium,CTV,Telco-Bundle,2
3019,223,Ad-Supported,CTV,Referral,7
3020,257,Ad-Supported,CTV,Organic,8
3021,320,Ad-Supported,CTV,Organic,10
3022,388,Ad-Supported,CTV,Organic,12
3023,30,Ad-Supported,CTV,Organic,1
3024,99,Ad-Supported,Mobile,Telco-Bundle,3
3025,120,Premium,CTV,Organic,4
3026,100,Ad-Supported,Mobile,Paid-Social,3
3027,331,Ad-Supported,CTV,Organic,11
3028,56,Ad-Supported,CTV,Paid-Social,1
3029,12,Ad-Supported,Mobile,Telco-Bundle,0
3030,344,Premium,CTV,Organic,11
3031,384,Ad-Supported,Mobile,Telco-Bundle,12
3032,91,Ad-Supported,CTV,Telco-Bundle,3
3033,133,Ad-Supported,CTV,Paid-Social,4
3034,201,Ad-Supported,CTV,Telco-Bundle,6
3035,210,Ad-Supported,CTV,Referral,7
3036,396,Premium,Mobile,Organic,13
3037,162,Ad-Supported,Mobile,Telco-Bundle,5
3038,5,Premium,CTV,Organic,0
3039,169,Ad-Supported,Mobile,Paid-Social,5
3040,223,Premium,Mobile,Telco-Bundle,7
3041,207,Ad-Supported,Mobile,Telco-Bundle,6
3042,205,Ad-Supported,Mobile,Telco-Bundle,6
3043,369,Premium,Tablet,Telco-Bundle,12
3044,323,Premium,Mobile,Telco-Bundle,10
3045,101,Ad-Supported,Mobile,Paid-Social,3
3046,142,Premium,Web,Organic,4
3047,267,Premium,Tablet,Organic,8
3048,164,Ad-Supported,Mobile,Paid-Social,5
3049,171,Premium,Web,Telco-Bundle,5
3050,68,Ad-Supported,Mobile,Organic,2
3051,102,Ad-Supported,Web,Paid-Social,3
3052,296,Ad-Supported,Mobile,Organic,9
3053,337,Premium,Mobile,Paid-Social,11
3054,314,Ad-Supported,Mobile,Paid-Social,10
3055,123,Ad-Supported,CTV,Organic,4
3056,55,Ad-Supported,Mobile,Organic,1
3057,64,Ad-Supported,Mobile,Organic,2
3058,157,Premium,CTV,Paid-Social,5
3059,207,Premium,Mobile,Referral,6
3060,357,Ad-Supported,Web,Organic,11
3061,359,Premium,Mobile,Paid-Social,11
3062,2,Premium,Mobile,Paid-Social,0
3063,283,Ad-Supported,Mobile,Telco-Bundle,9
3064,120,Ad-Supported,Mobile,Organic,4
3065,79,Ad-Supported,Mobile,Organic,2
3066,222,Ad-Supported,CTV,Referral,7
3067,14,Ad-Supported,CTV,Referral,0
3068,134,Premium,Mobile,Paid-Social,4
3069,221,Premium,Mobile,Paid-Social,7
3070,109,Ad-Supported,Web,Organic,3
3071,237,Premium,Mobile,Organic,7
3072,184,Premium,CTV,Organic,6
3073,319,Ad-Supported,Web,Telco-Bundle,10
3074,73,Ad-Supported,Mobile,Organic,2
3075,23,Premium,CTV,Organic,0
3076,212,Premium,Tablet,Organic,7
3077,103,Ad-Supported,CTV,Organic,3
3078,282,Premium,Tablet,Paid-Social,9
3079,38,Ad-Supported,Mobile,Paid-Social,1
3080,230,Premium,CTV,Paid-Social,7
3081,395,Premium,Mobile,Paid-Social,13
3082,38,Ad-Supported,Mobile,Paid-Social,1
3083,121,Ad-Supported,Tablet,Telco-Bundle,4
3084,337,Ad-Supported,Mobile,Organic,11
3085,213,Premium,Tablet,Organic,7
3086,70,Premium,CTV,Telco-Bundle,2
3087,86,Premium,Web,Telco-Bundle,2
3088,306,Ad-Supported,Tablet,Paid-Social,10
3089,344,Ad-Supported,CTV,Organic,11
3090,144,Ad-Supported,Tablet,Organic,4
3091,190,Ad-Supported,Web,Organic,6
3092,313,Ad-Supported,CTV,Telco-Bundle,10
3093,71,Premium,CTV,Paid-Social,2
3094,83,Ad-Supported,Mobile,Organic,2
3095,309,Premium,Mobile,Organic,10
3096,75,Premium,Mobile,Organic,2
3097,308,Premium,Mobile,Organic,10
3098,199,Ad-Supported,Mobile,Paid-Social,6
3099,396,Premium,CTV,Paid-Social,13
3100,14,Premium,CTV,Telco-Bundle,0
3101,378,Ad-Supported,CTV,Telco-Bundle,12
3102,90,Premium,Web,Referral,3
3103,14,Premium,Tablet,Telco-Bundle,0
3104,289,Ad-Supported,Web,Referral,9
3105,213,Ad-Supported,CTV,Referral,7
3106,335,Ad-Supported,Mobile,Organic,11
3107,44,Ad-Supported,Tablet,Organic,1
3108,33,Premium,Mobile,Organic,1
3109,227,Ad-Supported,Mobile,Telco-Bundle,7
3110,352,Ad-Supported,Mobile,Telco-Bundle,11
3111,162,Ad-Supported,CTV,Organic,5
3112,319,Ad-Supported,CTV,Telco-Bundle,10
3113,362,Ad-Supported,Mobile,Telco-Bundle,12
3114,348,Ad-Supported,Web,Telco-Bundle,11
3115,203,Ad-Supported,Mobile,Paid-Social,6
3116,279,Ad-Supported,Mobile,Organic,9
3117,210,Premium,Mobile,Paid-Social,7
3118,269,Premium,Mobile,Organic,8
3119,227,Ad-Supported,Web,Telco-Bundle,7
3120,210,Ad-Supported,Mobile,Organic,7
3121,175,Ad-Supported,Mobile,Organic,5
3122,261,Ad-Supported,Mobile,Paid-Social,8
3123,300,Ad-Supported,Web,Paid-Social,10
3124,367,Premium,Tablet,Paid-Social,12
3125,245,Premium,CTV,Referral,8
3126,41,Ad-Supported,CTV,Organic,1
3127,235,Premium,Web,Referral,7
3128,126,Ad-Supported,Mobile,Organic,4
3129,11,Ad-Supported,Mobile,Organic,0
3130,29,Ad-Supported,CTV,Referral,0
3131,236,Ad-Supported,Mobile,Telco-Bundle,7
3132,377,Premium,Mobile,Telco-Bundle,12
3133,202,Ad-Supported,Mobile,Telco-Bundle,6
3134,178,Premium,Mobile,Paid-Social,5
3135,36,Ad-Supported,Mobile,Telco-Bundle,1
3136,270,Premium,Mobile,Organic,9
3137,23,Premium,Mobile,Telco-Bundle,0
3138,336,Ad-Supported,Web,Referral,11
3139,326,Ad-Supported,CTV,Telco-Bundle,10
3140,396,Premium,Mobile,Telco-Bundle,13
3141,114,Ad-Supported,Mobile,Telco-Bundle,3
3142,65,Ad-Supported,Mobile,Paid-Social,2
3143,120,Premium,Mobile,Paid-Social,4
3144,320,Ad-Supported,Mobile,Telco-Bundle,10
3145,88,Ad-Supported,Mobile,Telco-Bundle,2
3146,355,Ad-Supported,Web,Paid-Social,11
3147,62,Ad-Supported,Web,Telco-Bundle,2
3148,20,Ad-Supported,Web,Organic,0
3149,88,Ad-Supported,CTV,Telco-Bundle,2
3150,301,Ad-Supported,CTV,Telco-Bundle,10
3151,241,Ad-Supported,CTV,Organic,8
3152,142,Ad-Supported,Web,Organic,4
3153,262,Premium,CTV,Telco-Bundle,8
3154,259,Ad-Supported,CTV,Organic,8
3155,222,Ad-Supported,Web,Referral,7
3156,206,Ad-Supported,CTV,Organic,6
3157,41,Premium,Mobile,Organic,1
3158,104,Ad-Supported,Mobile,Organic,3
3159,211,Ad-Supported,Mobile,Telco-Bundle,7
3160,54,Premium,Mobile,Paid-Social,1
3161,190,Ad-Supported,Mobile,Telco-Bundle,6
3162,47,Premium,Mobile,Referral,1
3163,315,Premium,Mobile,Telco-Bundle,10
3164,42,Premium,Tablet,Organic,1
3165,37,Ad-Supported,Mobile,Organic,1
3166,255,Ad-Supported,Mobile,Telco-Bundle,8
3167,88,Ad-Supported,Mobile,Organic,2
3168,141,Premium,Mobile,Telco-Bundle,4
3169,126,Premium,CTV,Telco-Bundle,4
3170,87,Premium,CTV,Telco-Bundle,2
3171,304,Ad-Supported,Mobile,Telco-Bundle,10
3172,277,Premium,CTV,Referral,9
3173,96,Ad-Supported,Mobile,Telco-Bundle,3
3174,275,Premium,CTV,Telco-Bundle,9
3175,285,Ad-Supported,Tablet,Paid-Social,9
3176,216,Ad-Supported,Web,Paid-Social,7
3177,231,Ad-Supported,Mobile,Paid-Social,7
3178,374,Premium,CTV,Referral,12
3179,182,Ad-Supported,Web,Telco-Bundle,6
3180,154,Ad-Supported,Web,Telco-Bundle,5
3181,216,Ad-Supported,Mobile,Organic,7
3182,334,Ad-Supported,Mobile,Telco-Bundle,11
3183,284,Premium,Mobile,Paid-Social,9
3184,30,Ad-Supported,Mobile,Telco-Bundle,1
3185,184,Ad-Supported,CTV,Organic,6
3186,296,Premium,Mobile,Telco-Bundle,9
3187,90,Ad-Supported,Mobile,Telco-Bundle,3
3188,395,Ad-Supported,Web,Paid-Social,13
3189,323,Ad-Supported,Mobile,Organic,10
3190,338,Ad-Supported,Tablet,Organic,11
3191,33,Ad-Supported,Web,Organic,1
3192,232,Ad-Supported,Web,Organic,7
3193,211,Ad-Supported,Web,Paid-Social,7
3194,251,Premium,Mobile,Paid-Social,8
3195,340,Premium,Mobile,Paid-Social,11
3196,141,Premium,Web,Telco-Bundle,4
3197,214,Ad-Supported,Mobile,Paid-Social,7
3198,272,Ad-Supported,Mobile,Organic,9
3199,301,Premium,CTV,Telco-Bundle,10
3200,308,Premium,Mobile,Paid-Social,10
3201,135,Ad-Supported,Mobile,Telco-Bundle,4
3202,399,Ad-Supported,Mobile,Referral,13
3203,4,Ad-Supported,Mobile,Telco-Bundle,0
3204,197,Ad-Supported,CTV,Paid-Social,6
3205,243,Ad-Supported,Mobile,Paid-Social,8
3206,25,Ad-Supported,Mobile,Telco-Bundle,0
3207,181,Premium,Mobile,Telco-Bundle,6
3208,238,Ad-Supported,CTV,Organic,7
3209,243,Ad-Supported,Mobile,Telco-Bundle,8
3210,48,Ad-Supported,Mobile,Telco-Bundle,1
3211,111,Premium,Web,Telco-Bundle,3
3212,98,Premium,Mobile,Organic,3
3213,256,Ad-Supported,CTV,Paid-Social,8
3214,132,Ad-Supported,Mobile,Paid-Social,4
3215,229,Premium,Mobile,Organic,7
3216,292,Premium,Mobile,Telco-Bundle,9
3217,319,Ad-Supported,Web,Paid-Social,10
3218,74,Premium,Mobile,Organic,2
3219,361,Ad-Supported,Mobile,Organic,12
3220,67,Ad-Supported,CTV,Telco-Bundle,2
3221,9,Ad-Supported,Mobile,Telco-Bundle,0
3222,18,Ad-Supported,Web,Telco-Bundle,0
3223,81,Ad-Supported,Tablet,Referral,2
3224,349,Ad-Supported,CTV,Referral,11
3225,83,Premium,Mobile,Paid-Social,2
3226,277,Ad-Supported,Mobile,Organic,9
3227,167,Premium,Tablet,Telco-Bundle,5
3228,16,Ad-Supported,Mobile,Telco-Bundle,0
3229,178,Ad-Supported,Mobile,Paid-Social,5
3230,12,Premium,Tablet,Referral,0
3231,190,Premium,Tablet,Organic,6
3232,223,Premium,Mobile,Referral,7
3233,209,Premium,Mobile,Paid-Social,6
3234,113,Ad-Supported,CTV,Organic,3
3235,306,Ad-Supported,Web,Telco-Bundle,10
3236,239,Ad-Supported,Mobile,Telco-Bundle,7
3237,102,Ad-Supported,Mobile,Telco-Bundle,3
3238,174,Ad-Supported,Mobile,Telco-Bundle,5
3239,44,Ad-Supported,Mobile,Organic,1
3240,369,Premium,Mobile,Organic,12
3241,301,Premium,Web,Organic,10
3242,115,Premium,Mobile,Organic,3
3243,270,Premium,Mobile,Organic,9
3244,271,Ad-Supported,Web,Paid-Social,9
3245,244,Ad-Supported,Mobile,Organic,8
3246,22,Premium,Mobile,Paid-Social,0
3247,351,Premium,Tablet,Organic,11
3248,382,Ad-Supported,Mobile,Organic,12
3249,389,Ad-Supported,Web,Referral,12
3250,392,Ad-Supported,Mobile,Referral,13
3251,371,Ad-Supported,Mobile,Telco-Bundle,12
3252,295,Ad-Supported,CTV,Organic,9
3253,23,Ad-Supported,Mobile,Telco-Bundle,0
3254,186,Ad-Supported,CTV,Organic,6
3255,98,Premium,Mobile,Paid-Social,3
3256,88,Ad-Supported,CTV,Telco-Bundle,2
3257,332,Premium,Mobile,Paid-Social,11
3258,325,Premium,Web,Referral,10
3259,209,Ad-Supported,CTV,Telco-Bundle,6
3260,294,Premium,Mobile,Organic,9
3261,52,Ad-Supported,Mobile,Organic,1
3262,89,Ad-Supported,Mobile,Telco-Bundle,2
3263,344,Ad-Supported,CTV,Paid-Social,11
3264,181,Premium,Mobile,Organic,6
3265,219,Premium,CTV,Organic,7
3266,185,Ad-Supported,Mobile,Referral,6
3267,81,Ad-Supported,Mobile,Organic,2
3268,330,Ad-Supported,CTV,Referral,11
3269,303,Premium,Mobile,Telco-Bundle,10
3270,273,Ad-Supported,Mobile,Organic,9
3271,141,Ad-Supported,CTV,Paid-Social,4
3272,257,Premium,CTV,Telco-Bundle,8
3273,381,Ad-Supported,Mobile,Paid-Social,12
3274,260,Ad-Supported,Mobile,Organic,8
3275,198,Ad-Supported,Mobile,Organic,6
3276,108,Ad-Supported,CTV,Telco-Bundle,3
3277,209,Ad-Supported,Mobile,Telco-Bundle,6
3278,149,Ad-Supported,CTV,Paid-Social,4
3279,244,Ad-Supported,Web,Organic,8
3280,19,Premium,Tablet,Paid-Social,0
3281,76,Ad-Supported,Mobile,Telco-Bundle,2
3282,314,Premium,Mobile,Organic,10
3283,152,Ad-Supported,Mobile,Referral,5
3284,173,Premium,Mobile,Telco-Bundle,5
3285,218,Ad-Supported,Mobile,Organic,7
3286,175,Premium,Web,Telco-Bundle,5
3287,303,Ad-Supported,Mobile,Telco-Bundle,10
3288,98,Ad-Supported,Mobile,Telco-Bundle,3
3289,303,Ad-Supported,CTV,Organic,10
3290,84,Ad-Supported,Tablet,Referral,2
3291,148,Premium,Mobile,Paid-Social,4
3292,235,Premium,Web,Telco-Bundle,7
3293,354,Premium,Web,Organic,11
3294,93,Ad-Supported,Mobile,Organic,3
3295,235,Premium,CTV,Referral,7
3296,26,Premium,Mobile,Paid-Social,0
3297,31,Ad-Supported,Mobile,Organic,1
3298,307,Ad-Supported,Mobile,Telco-Bundle,10
3299,287,Premium,Mobile,Organic,9
3300,151,Ad-Supported,CTV,Telco-Bundle,5
3301,249,Ad-Supported,Web,Referral,8
3302,152,Premium,Mobile,Organic,5
3303,111,Ad-Supported,CTV,Paid-Social,3
3304,173,Ad-Supported,Mobile,Referral,5
3305,125,Ad-Supported,Mobile,Referral,4
3306,326,Premium,CTV,Paid-Social,10
3307,165,Premium,Mobile,Telco-Bundle,5
3308,129,Premium,Web,Telco-Bundle,4
3309,214,Premium,Mobile,Organic,7
3310,303,Ad-Supported,Web,Telco-Bundle,10
3311,110,Ad-Supported,Mobile,Organic,3
3312,375,Ad-Supported,Mobile,Organic,12
3313,185,Ad-Supported,Web,Paid-Social,6
3314,264,Premium,CTV,Telco-Bundle,8
3315,382,Premium,Mobile,Organic,12
3316,173,Ad-Supported,Web,Organic,5
3317,80,Premium,Mobile,Organic,2
3318,299,Premium,Mobile,Organic,9
3319,3,Ad-Supported,Mobile,Referral,0
3320,183,Ad-Supported,CTV,Paid-Social,6
3321,392,Ad-Supported,CTV,Organic,13
3322,166,Ad-Supported,Web,Referral,5
3323,273,Ad-Supported,CTV,Organic,9
3324,210,Ad-Supported,Mobile,Paid-Social,7
3325,86,Ad-Supported,Mobile,Telco-Bundle,2
3326,127,Ad-Supported,Mobile,Telco-Bundle,4
3327,209,Premium,CTV,Organic,6
3328,42,Premium,Mobile,Telco-Bundle,1
3329,166,Ad-Supported,CTV,Telco-Bundle,5
3330,166,Ad-Supported,CTV,Telco-Bundle,5
3331,334,Ad-Supported,Web,Organic,11
3332,50,Ad-Supported,Mobile,Telco-Bundle,1
3333,337,Ad-Supported,Mobile,Paid-Social,11
3334,164,Ad-Supported,Web,Telco-Bundle,5
3335,260,Ad-Supported,CTV,Referral,8
3336,223,Premium,Mobile,Telco-Bundle,7
3337,120,Ad-Supported,CTV,Telco-Bundle,4
3338,372,Premium,Web,Organic,12
3339,90,Ad-Supported,Mobile,Organic,3
3340,15,Ad-Supported,Web,Paid-Social,0
3341,300,Premium,Mobile,Organic,10
3342,248,Ad-Supported,Tablet,Telco-Bundle,8
3343,356,Premium,Mobile,Telco-Bundle,11
3344,183,Premium,Mobile,Paid-Social,6
3345,7,Ad-Supported,Mobile,Organic,0
3346,9,Ad-Supported,Web,Telco-Bundle,0
3347,173,Ad-Supported,Tablet,Paid-Social,5
3348,100,Ad-Supported,Mobile,Paid-Social,3
3349,368,Ad-Supported,Mobile,Paid-Social,12
3350,48,Ad-Supported,Mobile,Organic,1
3351,352,Premium,Mobile,Telco-Bundle,11
3352,87,Premium,Web,Organic,2
3353,48,Ad-Supported,Mobile,Paid-Social,1
3354,110,Ad-Supported,Tablet,Organic,3
3355,58,Premium,Web,Organic,1
3356,161,Premium,Mobile,Organic,5
3357,132,Ad-Supported,CTV,Organic,4
3358,212,Ad-Supported,Tablet,Telco-Bundle,7
3359,215,Premium,Web,Telco-Bundle,7
3360,1,Premium,CTV,Organic,0
3361,50,Premium,Mobile,Organic,1
3362,65,Ad-Supported,Mobile,Telco-Bundle,2
3363,78,Ad-Supported,Web,Organic,2
3364,38,Ad-Supported,Mobile,Paid-Social,1
3365,126,Ad-Supported,CTV,Organic,4
3366,220,Premium,CTV,Paid-Social,7
3367,124,Ad-Supported,Mobile,Referral,4
3368,132,Premium,Mobile,Organic,4
3369,188,Premium,Mobile,Referral,6
3370,219,Premium,Web,Telco-Bundle,7
3371,133,Premium,Mobile,Referral,4
3372,89,Premium,Mobile,Telco-Bundle,2
3373,164,Ad-Supported,Tablet,Telco-Bundle,5
3374,10,Ad-Supported,CTV,Paid-Social,0
3375,197,Ad-Supported,CTV,Telco-Bundle,6
3376,376,Premium,Web,Organic,12
3377,159,Premium,Mobile,Telco-Bundle,5
3378,44,Ad-Supported,Tablet,Telco-Bundle,1
3379,283,Ad-Supported,Web,Organic,9
3380,51,Ad-Supported,Mobile,Organic,1
3381,78,Ad-Supported,Mobile,Organic,2
3382,59,Premium,Mobile,Paid-Social,1
3383,353,Ad-Supported,CTV,Organic,11
3384,392,Premium,CTV,Organic,13
3385,228,Ad-Supported,CTV,Organic,7
3386,247,Ad-Supported,Tablet,Paid-Social,8
3387,258,Ad-Supported,Mobile,Organic,8
3388,244,Premium,Web,Organic,8
3389,218,Ad-Supported,CTV,Organic,7
3390,394,Ad-Supported,CTV,Paid-Social,13
3391,293,Ad-Supported,Mobile,Organic,9
3392,36,Premium,CTV,Referral,1
3393,157,Premium,CTV,Organic,5
3394,389,Premium,Mobile,Organic,12
3395,162,Ad-Supported,Web,Paid-Social,5
3396,82,Premium,Mobile,Telco-Bundle,2
3397,347,Ad-Supported,Mobile,Paid-Social,11
3398,249,Premium,Web,Organic,8
3399,225,Ad-Supported,Mobile,Paid-Social,7
3400,168,Ad-Supported,CTV,Paid-Social,5
3401,50,Premium,CTV,Paid-Social,1
3402,154,Premium,Mobile,Referral,5
3403,175,Ad-Supported,Mobile,Referral,5
3404,372,Ad-Supported,Mobile,Paid-Social,12
3405,123,Premium,Mobile,Organic,4
3406,60,Premium,CTV,Paid-Social,2
3407,171,Premium,Mobile,Referral,5
3408,398,Ad-Supported,Tablet,Referral,13
3409,193,Ad-Supported,Mobile,Organic,6
3410,152,Premium,Mobile,Organic,5
3411,267,Premium,Web,Organic,8
3412,259,Premium,Mobile,Telco-Bundle,8
3413,120,Premium,CTV,Paid-Social,4
3414,387,Ad-Supported,CTV,Organic,12
3415,237,Ad-Supported,Web,Organic,7
3416,23,Premium,Mobile,Organic,0
3417,163,Ad-Supported,Mobile,Telco-Bundle,5
3418,369,Premium,Tablet,Paid-Social,12
3419,157,Premium,Mobile,Organic,5
3420,227,Premium,CTV,Telco-Bundle,7
3421,245,Ad-Supported,CTV,Telco-Bundle,8
3422,282,Premium,CTV,Telco-Bundle,9
3423,349,Ad-Supported,Web,Telco-Bundle,11
3424,60,Ad-Supported,Tablet,Organic,2
3425,207,Ad-Supported,Mobile,Organic,6
3426,213,Ad-Supported,CTV,Organic,7
3427,61,Premium,CTV,Telco-Bundle,2
3428,269,Premium,Mobile,Referral,8
3429,48,Ad-Supported,Web,Organic,1
3430,183,Premium,Mobile,Telco-Bundle,6
3431,132,Ad-Supported,Mobile,Telco-Bundle,4
3432,62,Premium,Web,Referral,2
3433,329,Premium,Tablet,Paid-Social,10
3434,98,Ad-Supported,Mobile,Organic,3
3435,102,Ad-Supported,Web,Telco-Bundle,3
3436,341,Ad-Supported,Mobile,Telco-Bundle,11
3437,351,Ad-Supported,Mobile,Telco-Bundle,11
3438,14,Premium,Mobile,Telco-Bundle,0
3439,111,Ad-Supported,Web,Paid-Social,3
3440,283,Ad-Supported,Mobile,Telco-Bundle,9
3441,311,Ad-Supported,Mobile,Organic,10
3442,399,Premium,CTV,Paid-Social,13
3443,222,Ad-Supported,Mobile,Organic,7
3444,3,Premium,Mobile,Organic,0
3445,349,Premium,Mobile,Organic,11
3446,65,Ad-Supported,Web,Telco-Bundle,2
3447,49,Ad-Supported,CTV,Telco-Bundle,1
3448,269,Ad-Supported,Web,Organic,8
3449,241,Ad-Supported,Mobile,Paid-Social,8
3450,24,Premium,Mobile,Organic,0
3451,68,Premium,Web,Paid-Social,2
3452,236,Ad-Supported,Mobile,Organic,7
3453,102,Ad-Supported,Mobile,Paid-Social,3
3454,273,Ad-Supported,Mobile,Referral,9
3455,165,Ad-Supported,Mobile,Paid-Social,5
3456,235,Premium,Mobile,Telco-Bundle,7
3457,190,Premium,Tablet,Telco-Bundle,6
3458,146,Premium,Mobile,Organic,4
3459,137,Ad-Supported,CTV,Organic,4
3460,279,Ad-Supported,Mobile,Organic,9
3461,206,Ad-Supported,CTV,Paid-Social,6
3462,238,Premium,CTV,Telco-Bundle,7
3463,231,Premium,Tablet,Paid-Social,7
3464,83,Premium,Mobile,Paid-Social,2
3465,365,Ad-Supported,Web,Organic,12
3466,225,Ad-Supported,Mobile,Organic,7
3467,287,Premium,CTV,Referral,9
3468,352,Ad-Supported,Web,Organic,11
3469,369,Premium,CTV,Telco-Bundle,12
3470,267,Ad-Supported,CTV,Organic,8
3471,315,Premium,Web,Organic,10
3472,189,Ad-Supported,Web,Organic,6
3473,295,Premium,Mobile,Referral,9
3474,129,Ad-Supported,Mobile,Organic,4
3475,285,Ad-Supported,CTV,Telco-Bundle,9
3476,35,Ad-Supported,Tablet,Organic,1
3477,365,Ad-Supported,Mobile,Telco-Bundle,12
3478,98,Premium,Mobile,Paid-Social,3
3479,262,Premium,CTV,Telco-Bundle,8
3480,5,Premium,Mobile,Organic,0
3481,63,Premium,Mobile,Organic,2
3482,394,Premium,Mobile,Telco-Bundle,13
3483,333,Ad-Supported,Mobile,Paid-Social,11
3484,89,Premium,CTV,Organic,2
3485,53,Ad-Supported,Mobile,Paid-Social,1
3486,326,Premium,Mobile,Organic,10
3487,396,Ad-Supported,CTV,Paid-Social,13
3488,68,Premium,Mobile,Paid-Social,2
3489,265,Ad-Supported,Mobile,Organic,8
3490,114,Ad-Supported,Mobile,Paid-Social,3
3491,298,Ad-Supported,Mobile,Telco-Bundle,9
3492,167,Ad-Supported,CTV,Referral,5
3493,51,Ad-Supported,Mobile,Telco-Bundle,1
3494,130,Ad-Supported,Mobile,Paid-Social,4
3495,215,Ad-Supported,Mobile,Telco-Bundle,7
3496,319,Ad-Supported,Mobile,Organic,10
3497,9,Ad-Supported,Mobile,Telco-Bundle,0
3498,383,Premium,Mobile,Organic,12
3499,260,Ad-Supported,Mobile,Organic,8
3500,350,Ad-Supported,Mobile,Telco-Bundle,11
3501,372,Ad-Supported,Web,Organic,12
3502,62,Ad-Supported,Mobile,Telco-Bundle,2
3503,38,Ad-Supported,Mobile,Telco-Bundle,1
3504,310,Premium,CTV,Organic,10
3505,75,Ad-Supported,Mobile,Paid-Social,2
3506,60,Ad-Supported,Web,Telco-Bundle,2
3507,187,Ad-Supported,Mobile,Telco-Bundle,6
3508,365,Ad-Supported,Mobile,Telco-Bundle,12
3509,318,Ad-Supported,Tablet,Organic,10
3510,207,Premium,Mobile,Telco-Bundle,6
3511,79,Ad-Supported,Mobile,Paid-Social,2
3512,135,Premium,CTV,Organic,4
3513,275,Ad-Supported,Tablet,Telco-Bundle,9
3514,63,Ad-Supported,Mobile,Organic,2
3515,210,Ad-Supported,CTV,Organic,7
3516,5,Ad-Supported,Mobile,Organic,0
3517,130,Ad-Supported,CTV,Telco-Bundle,4
3518,99,Premium,Mobile,Referral,3
3519,272,Premium,CTV,Referral,9
3520,365,Ad-Supported,Mobile,Organic,12
3521,59,Ad-Supported,CTV,Paid-Social,1
3522,319,Premium,Mobile,Telco-Bundle,10
3523,262,Ad-Supported,CTV,Organic,8
3524,387,Ad-Supported,CTV,Paid-Social,12
3525,364,Premium,Web,Organic,12
3526,41,Ad-Supported,Tablet,Paid-Social,1
3527,297,Ad-Supported,Mobile,Telco-Bundle,9
3528,237,Ad-Supported,CTV,Organic,7
3529,46,Ad-Supported,Mobile,Organic,1
3530,103,Ad-Supported,Web,Telco-Bundle,3
3531,370,Premium,CTV,Telco-Bundle,12
3532,217,Ad-Supported,Mobile,Organic,7
3533,136,Ad-Supported,Mobile,Organic,4
3534,128,Ad-Supported,Web,Referral,4
3535,335,Premium,Web,Telco-Bundle,11
3536,114,Ad-Supported,Web,Paid-Social,3
3537,64,Premium,CTV,Telco-Bundle,2
3538,229,Ad-Supported,Mobile,Referral,7
3539,397,Ad-Supported,Tablet,Organic,13
3540,74,Ad-Supported,CTV,Organic,2
3541,102,Ad-Supported,CTV,Paid-Social,3
3542,188,Ad-Supported,CTV,Telco-Bundle,6
3543,80,Premium,CTV,Organic,2
3544,260,Premium,CTV,Organic,8
3545,102,Premium,CTV,Organic,3
3546,52,Ad-Supported,Web,Telco-Bundle,1
3547,105,Ad-Supported,Web,Telco-Bundle,3
3548,372,Premium,Mobile,Paid-Social,12
3549,374,Ad-Supported,Mobile,Organic,12
3550,202,Premium,CTV,Telco-Bundle,6
3551,160,Premium,CTV,Organic,5
3552,327,Ad-Supported,CTV,Telco-Bundle,10
3553,78,Premium,Web,Organic,2
3554,261,Premium,Mobile,Referral,8
3555,272,Ad-Supported,Mobile,Paid-Social,9
3556,284,Premium,Web,Telco-Bundle,9
3557,87,Ad-Supported,Tablet,Organic,2
3558,286,Ad-Supported,Mobile,Organic,9
3559,245,Ad-Supported,Mobile,Telco-Bundle,8
3560,350,Ad-Supported,Mobile,Paid-Social,11
3561,70,Ad-Supported,Mobile,Telco-Bundle,2
3562,245,Premium,CTV,Paid-Social,8
3563,332,Ad-Supported,Mobile,Paid-Social,11
3564,112,Ad-Supported,Mobile,Telco-Bundle,3
3565,297,Premium,CTV,Paid-Social,9
3566,40,Ad-Supported,CTV,Telco-Bundle,1
3567,287,Premium,CTV,Paid-Social,9
3568,242,Ad-Supported,Mobile,Organic,8
3569,77,Premium,Mobile,Telco-Bundle,2
3570,27,Premium,Mobile,Organic,0
3571,298,Ad-Supported,Tablet,Organic,9
3572,97,Ad-Supported,Mobile,Organic,3
3573,199,Ad-Supported,CTV,Paid-Social,6
3574,25,Premium,CTV,Telco-Bundle,0
3575,385,Premium,Web,Organic,12
3576,220,Ad-Supported,Mobile,Organic,7
3577,372,Ad-Supported,Mobile,Organic,12
3578,64,Premium,Web,Organic,2
3579,83,Ad-Supported,Mobile,Organic,2
3580,244,Premium,CTV,Organic,8
3581,242,Premium,Mobile,Telco-Bundle,8
3582,316,Ad-Supported,Tablet,Telco-Bundle,10
3583,371,Ad-Supported,CTV,Organic,12
3584,328,Ad-Supported,Mobile,Organic,10
3585,56,Ad-Supported,Web,Organic,1
3586,124,Premium,CTV,Organic,4
3587,365,Premium,CTV,Paid-Social,12
3588,220,Premium,Mobile,Referral,7
3589,346,Ad-Supported,Mobile,Telco-Bundle,11
3590,225,Ad-Supported,CTV,Paid-Social,7
3591,20,Premium,Mobile,Organic,0
3592,189,Ad-Supported,Web,Telco-Bundle,6
3593,330,Ad-Supported,Mobile,Referral,11
3594,262,Ad-Supported,CTV,Organic,8
3595,53,Premium,Mobile,Telco-Bundle,1
3596,84,Premium,CTV,Organic,2
3597,341,Ad-Supported,Mobile,Telco-Bundle,11
3598,391,Premium,Mobile,Organic,13
3599,301,Ad-Supported,Mobile,Telco-Bundle,10
3600,40,Ad-Supported,CTV,Organic,1
3601,248,Ad-Supported,Mobile,Paid-Social,8
3602,331,Premium,Web,Telco-Bundle,11
3603,256,Ad-Supported,Mobile,Telco-Bundle,8
3604,238,Ad-Supported,CTV,Telco-Bundle,7
3605,187,Ad-Supported,CTV,Organic,6
3606,98,Premium,Mobile,Telco-Bundle,3
3607,113,Premium,Mobile,Organic,3
3608,298,Ad-Supported,Mobile,Telco-Bundle,9
3609,28,Premium,CTV,Organic,0
3610,34,Ad-Supported,Tablet,Paid-Social,1
3611,159,Ad-Supported,Mobile,Paid-Social,5
3612,309,Ad-Supported,CTV,Referral,10
3613,263,Premium,CTV,Telco-Bundle,8
3614,236,Ad-Supported,CTV,Organic,7
3615,214,Ad-Supported,CTV,Telco-Bundle,7
3616,45,Ad-Supported,Tablet,Organic,1
3617,133,Ad-Supported,CTV,Organic,4
3618,32,Premium,Web,Paid-Social,1
3619,303,Premium,Mobile,Telco-Bundle,10
3620,300,Ad-Supported,Web,Referral,10
3621,103,Premium,Tablet,Referral,3
3622,117,Ad-Supported,Web,Organic,3
3623,127,Ad-Supported,Mobile,Organic,4
3624,355,Ad-Supported,Web,Telco-Bundle,11
3625,195,Premium,Mobile,Organic,6
3626,305,Ad-Supported,CTV,Paid-Social,10
3627,180,Premium,Mobile,Referral,6
3628,279,Ad-Supported,CTV,Organic,9
3629,211,Premium,Mobile,Paid-Social,7
3630,112,Ad-Supported,Mobile,Telco-Bundle,3
3631,350,Premium,Mobile,Telco-Bundle,11
3632,283,Premium,Mobile,Referral,9
3633,307,Ad-Supported,Mobile,Telco-Bundle,10
3634,379,Premium,Web,Organic,12
3635,100,Ad-Supported,CTV,Telco-Bundle,3
3636,37,Ad-Supported,Web,Telco-Bundle,1
3637,233,Ad-Supported,Web,Referral,7
3638,131,Premium,Mobile,Paid-Social,4
3639,174,Premium,CTV,Paid-Social,5
3640,94,Ad-Supported,CTV,Organic,3
3641,159,Premium,Mobile,Organic,5
3642,157,Ad-Supported,CTV,Referral,5
3643,140,Ad-Supported,CTV,Referral,4
3644,297,Ad-Supported,CTV,Paid-Social,9
3645,237,Ad-Supported,CTV,Referral,7
3646,190,Ad-Supported,Mobile,Paid-Social,6
3647,45,Ad-Supported,Web,Telco-Bundle,1
3648,228,Ad-Supported,Mobile,Telco-Bundle,7
3649,70,Ad-Supported,Web,Telco-Bundle,2
3650,126,Premium,Mobile,Telco-Bundle,4
3651,166,Ad-Supported,Mobile,Telco-Bundle,5
3652,57,Premium,Mobile,Telco-Bundle,1
3653,156,Ad-Supported,Mobile,Paid-Social,5
3654,107,Ad-Supported,Mobile,Telco-Bundle,3
3655,340,Ad-Supported,Mobile,Organic,11
3656,344,Premium,CTV,Organic,11
3657,2,Ad-Supported,Web,Telco-Bundle,0
3658,241,Ad-Supported,Mobile,Telco-Bundle,8
3659,256,Premium,CTV,Referral,8
3660,151,Premium,Web,Organic,5
3661,188,Ad-Supported,Mobile,Organic,6
3662,316,Ad-Supported,Web,Paid-Social,10
3663,151,Ad-Supported,Mobile,Telco-Bundle,5
3664,26,Ad-Supported,Mobile,Referral,0
3665,149,Premium,Mobile,Telco-Bundle,4
3666,102,Ad-Supported,Mobile,Paid-Social,3
3667,153,Ad-Supported,CTV,Telco-Bundle,5
3668,92,Ad-Supported,Web,Organic,3
3669,60,Ad-Supported,Mobile,Referral,2
3670,394,Premium,Web,Paid-Social,13
3671,52,Ad-Supported,Mobile,Paid-Social,1
3672,282,Ad-Supported,Mobile,Paid-Social,9
3673,287,Ad-Supported,Web,Telco-Bundle,9
3674,247,Ad-Supported,Web,Organic,8
3675,364,Ad-Supported,CTV,Organic,12
3676,2,Ad-Supported,Mobile,Telco-Bundle,0
3677,121,Premium,Mobile,Referral,4
3678,74,Premium,Mobile,Telco-Bundle,2
3679,231,Premium,Web,Organic,7
3680,254,Premium,Mobile,Telco-Bundle,8
3681,359,Ad-Supported,CTV,Organic,11
3682,152,Ad-Supported,Mobile,Organic,5
3683,95,Ad-Supported,Mobile,Organic,3
3684,369,Premium,Mobile,Paid-Social,12
3685,269,Ad-Supported,CTV,Organic,8
3686,306,Ad-Supported,CTV,Organic,10
3687,178,Ad-Supported,Tablet,Organic,5
3688,179,Ad-Supported,Web,Telco-Bundle,5
3689,156,Premium,CTV,Organic,5
3690,300,Premium,Mobile,Organic,10
3691,85,Ad-Supported,Web,Paid-Social,2
3692,390,Premium,Web,Telco-Bundle,13
3693,71,Ad-Supported,Web,Telco-Bundle,2
3694,184,Ad-Supported,Mobile,Paid-Social,6
3695,126,Ad-Supported,Mobile,Telco-Bundle,4
3696,257,Premium,Web,Telco-Bundle,8
3697,272,Ad-Supported,Mobile,Telco-Bundle,9
3698,367,Ad-Supported,Mobile,Paid-Social,12
3699,315,Premium,Mobile,Organic,10
3700,100,Ad-Supported,CTV,Organic,3
3701,83,Ad-Supported,Mobile,Organic,2
3702,354,Premium,CTV,Paid-Social,11
3703,195,Premium,CTV,Referral,6
3704,39,Premium,CTV,Organic,1
3705,330,Premium,Mobile,Paid-Social,11
3706,259,Ad-Supported,Tablet,Referral,8
3707,11,Ad-Supported,Mobile,Telco-Bundle,0
3708,313,Premium,Mobile,Organic,10
3709,243,Ad-Supported,Mobile,Referral,8
3710,246,Ad-Supported,Mobile,Organic,8
3711,346,Premium,CTV,Organic,11
3712,198,Ad-Supported,Mobile,Paid-Social,6
3713,185,Ad-Supported,Web,Organic,6
3714,247,Premium,Mobile,Telco-Bundle,8
3715,79,Premium,Tablet,Organic,2
3716,61,Premium,CTV,Telco-Bundle,2
3717,337,Premium,Mobile,Organic,11
3718,87,Ad-Supported,CTV,Referral,2
3719,202,Premium,Mobile,Organic,6
3720,108,Ad-Supported,Tablet,Referral,3
3721,92,Premium,Web,Organic,3
3722,239,Ad-Supported,CTV,Telco-Bundle,7
3723,321,Premium,Mobile,Telco-Bundle,10
3724,177,Ad-Supported,Tablet,Paid-Social,5
3725,56,Premium,CTV,Organic,1
3726,98,Ad-Supported,CTV,Telco-Bundle,3
3727,66,Ad-Supported,Mobile,Telco-Bundle,2
3728,353,Ad-Supported,Mobile,Paid-Social,11
3729,128,Ad-Supported,CTV,Telco-Bundle,4
3730,150,Premium,CTV,Referral,5
3731,29,Ad-Supported,Web,Referral,0
3732,178,Ad-Supported,CTV,Paid-Social,5
3733,365,Ad-Supported,CTV,Organic,12
3734,164,Ad-Supported,Mobile,Organic,5
3735,260,Premium,Web,Telco-Bundle,8
3736,73,Ad-Supported,Mobile,Referral,2
3737,58,Ad-Supported,Web,Paid-Social,1
3738,292,Ad-Supported,Mobile,Organic,9
3739,27,Ad-Supported,CTV,Paid-Social,0
3740,179,Premium,Web,Paid-Social,5
3741,127,Ad-Supported,Web,Referral,4
3742,7,Ad-Supported,Mobile,Telco-Bundle,0
3743,212,Premium,CTV,Organic,7
3744,385,Ad-Supported,Mobile,Organic,12
3745,28,Ad-Supported,Mobile,Organic,0
3746,326,Ad-Supported,Web,Telco-Bundle,10
3747,216,Premium,Web,Telco-Bundle,7
3748,289,Ad-Supported,Mobile,Organic,9
3749,39,Ad-Supported,Tablet,Organic,1
3750,347,Premium,Mobile,Referral,11
3751,5,Premium,Web,Telco-Bundle,0
3752,362,Ad-Supported,Web,Paid-Social,12
3753,263,Premium,Web,Paid-Social,8
3754,135,Ad-Supported,Web,Referral,4
3755,3,Premium,Tablet,Telco-Bundle,0
3756,244,Premium,CTV,Referral,8
3757,35,Ad-Supported,Mobile,Organic,1
3758,243,Ad-Supported,Mobile,Organic,8
3759,309,Ad-Supported,Web,Organic,10
3760,107,Premium,Mobile,Telco-Bundle,3
3761,96,Ad-Supported,Web,Telco-Bundle,3
3762,89,Ad-Supported,Mobile,Organic,2
3763,90,Premium,Web,Referral,3
3764,46,Premium,Mobile,Referral,1
3765,100,Ad-Supported,Web,Organic,3
3766,264,Premium,Tablet,Telco-Bundle,8
3767,121,Ad-Supported,Mobile,Telco-Bundle,4
3768,312,Premium,CTV,Organic,10
3769,327,Ad-Supported,Mobile,Telco-Bundle,10
3770,304,Ad-Supported,Web,Organic,10
3771,216,Premium,Web,Referral,7
3772,127,Ad-Supported,Mobile,Telco-Bundle,4
3773,372,Ad-Supported,Mobile,Referral,12
3774,82,Ad-Supported,Mobile,Telco-Bundle,2
3775,186,Premium,Mobile,Organic,6
3776,181,Premium,Web,Paid-Social,6
3777,298,Premium,Mobile,Telco-Bundle,9
3778,219,Premium,Tablet,Organic,7
3779,320,Premium,Tablet,Telco-Bundle,10
3780,367,Ad-Supported,Web,Organic,12
3781,156,Ad-Supported,CTV,Organic,5
3782,350,Premium,Mobile,Paid-Social,11
3783,68,Premium,Web,Telco-Bundle,2
3784,366,Premium,CTV,Paid-Social,12
3785,72,Premium,Tablet,Telco-Bundle,2
3786,340,Ad-Supported,Mobile,Paid-Social,11
3787,156,Premium,Mobile,Telco-Bundle,5
3788,385,Premium,Tablet,Telco-Bundle,12
3789,52,Premium,Web,Paid-Social,1
3790,186,Premium,Mobile,Paid-Social,6
3791,360,Ad-Supported,CTV,Paid-Social,12
3792,19,Premium,Mobile,Organic,0
3793,106,Ad-Supported,CTV,Telco-Bundle,3
3794,34,Premium,Mobile,Organic,1
3795,129,Ad-Supported,Mobile,Telco-Bundle,4
3796,156,Ad-Supported,Mobile,Telco-Bundle,5
3797,247,Ad-Supported,Mobile,Paid-Social,8
3798,103,Ad-Supported,Mobile,Telco-Bundle,3
3799,64,Ad-Supported,Mobile,Telco-Bundle,2
3800,68,Premium,Mobile,Organic,2
3801,375,Ad-Supported,CTV,Telco-Bundle,12
3802,381,Premium,CTV,Referral,12
3803,89,Ad-Supported,CTV,Organic,2
3804,78,Ad-Supported,Mobile,Organic,2
3805,22,Premium,Mobile,Paid-Social,0
3806,383,Premium,Web,Paid-Social,12
3807,282,Ad-Supported,Web,Telco-Bundle,9
3808,304,Premium,Tablet,Paid-Social,10
3809,116,Premium,Tablet,Telco-Bundle,3
3810,256,Ad-Supported,CTV,Organic,8
3811,24,Premium,Web,Paid-Social,0
3812,270,Premium,Mobile,Telco-Bundle,9
3813,232,Premium,Web,Paid-Social,7
3814,133,Ad-Supported,Tablet,Paid-Social,4
3815,284,Ad-Supported,Web,Organic,9
3816,258,Ad-Supported,Mobile,Organic,8
3817,176,Premium,Mobile,Paid-Social,5
3818,75,Premium,Mobile,Paid-Social,2
3819,10,Ad-Supported,Mobile,Telco-Bundle,0
3820,375,Premium,Web,Telco-Bundle,12
3821,113,Ad-Supported,CTV,Telco-Bundle,3
3822,121,Ad-Supported,Mobile,Telco-Bundle,4
3823,272,Premium,CTV,Organic,9
3824,102,Ad-Supported,Mobile,Organic,3
3825,150,Ad-Supported,CTV,Telco-Bundle,5
3826,284,Ad-Supported,Mobile,Organic,9
3827,238,Ad-Supported,CTV,Organic,7
3828,262,Premium,CTV,Organic,8
3829,2,Premium,CTV,Telco-Bundle,0
3830,181,Ad-Supported,Web,Organic,6
3831,190,Ad-Supported,Mobile,Organic,6
3832,253,Ad-Supported,CTV,Paid-Social,8
3833,61,Ad-Supported,Mobile,Telco-Bundle,2
3834,64,Ad-Supported,Mobile,Organic,2
3835,305,Ad-Supported,CTV,Telco-Bundle,10
3836,269,Premium,CTV,Paid-Social,8
3837,324,Ad-Supported,Web,Paid-Social,10
3838,108,Ad-Supported,Mobile,Paid-Social,3
3839,399,Ad-Supported,Web,Organic,13
3840,109,Premium,Mobile,Organic,3
3841,260,Ad-Supported,CTV,Telco-Bundle,8
3842,65,Ad-Supported,Web,Organic,2
3843,367,Premium,CTV,Referral,12
3844,133,Ad-Supported,Web,Organic,4
3845,321,Premium,Web,Paid-Social,10
3846,133,Ad-Supported,Mobile,Telco-Bundle,4
3847,316,Premium,Tablet,Telco-Bundle,10
3848,182,Premium,Tablet,Organic,6
3849,25,Ad-Supported,Mobile,Organic,0
3850,76,Premium,Mobile,Telco-Bundle,2
3851,273,Ad-Supported,Mobile,Organic,9
3852,78,Premium,Web,Telco-Bundle,2
3853,110,Premium,Tablet,Telco-Bundle,3
3854,217,Premium,Web,Organic,7
3855,101,Premium,Mobile,Telco-Bundle,3
3856,52,Ad-Supported,Mobile,Organic,1
3857,250,Ad-Supported,CTV,Telco-Bundle,8
3858,275,Ad-Supported,Mobile,Referral,9
3859,293,Premium,Mobile,Telco-Bundle,9
3860,377,Premium,Mobile,Referral,12
3861,50,Premium,Mobile,Telco-Bundle,1
3862,171,Ad-Supported,Mobile,Organic,5
3863,94,Ad-Supported,Web,Organic,3
3864,360,Premium,Mobile,Organic,12
3865,216,Premium,Mobile,Paid-Social,7
3866,40,Ad-Supported,CTV,Telco-Bundle,1
3867,277,Ad-Supported,Tablet,Paid-Social,9
3868,18,Ad-Supported,Web,Telco-Bundle,0
3869,110,Ad-Supported,CTV,Paid-Social,3
3870,288,Premium,CTV,Organic,9
3871,202,Ad-Supported,CTV,Organic,6
3872,304,Ad-Supported,CTV,Referral,10
3873,228,Ad-Supported,Mobile,Organic,7
3874,337,Ad-Supported,CTV,Organic,11
3875,225,Premium,Mobile,Organic,7
3876,23,Ad-Supported,Mobile,Referral,0
3877,29,Ad-Supported,Mobile,Organic,0
3878,310,Ad-Supported,Mobile,Telco-Bundle,10
3879,16,Premium,Mobile,Organic,0
3880,151,Premium,CTV,Organic,5
3881,7,Ad-Supported,Mobile,Telco-Bundle,0
3882,122,Ad-Supported,Mobile,Telco-Bundle,4
3883,238,Ad-Supported,Mobile,Telco-Bundle,7
3884,70,Ad-Supported,Mobile,Organic,2
3885,186,Ad-Supported,CTV,Referral,6
3886,398,Premium,Mobile,Paid-Social,13
3887,29,Premium,Mobile,Referral,0
3888,26,Ad-Supported,Mobile,Organic,0
3889,109,Ad-Supported,Mobile,Paid-Social,3
3890,330,Ad-Supported,Mobile,Organic,11
3891,162,Ad-Supported,Mobile,Telco-Bundle,5
3892,256,Ad-Supported,CTV,Telco-Bundle,8
3893,14,Ad-Supported,Tablet,Paid-Social,0
3894,294,Premium,CTV,Organic,9
3895,27,Ad-Supported,Mobile,Organic,0
3896,284,Premium,Mobile,Organic,9
3897,60,Ad-Supported,Web,Telco-Bundle,2
3898,343,Ad-Supported,Mobile,Organic,11
3899,119,Ad-Supported,Web,Organic,3
3900,74,Premium,CTV,Paid-Social,2
3901,135,Ad-Supported,Mobile,Organic,4
3902,1,Ad-Supported,Mobile,Referral,0
3903,66,Premium,Web,Organic,2
3904,239,Premium,Tablet,Referral,7
3905,121,Premium,Web,Telco-Bundle,4
3906,142,Ad-Supported,Mobile,Paid-Social,4
3907,323,Ad-Supported,Web,Paid-Social,10
3908,50,Premium,Mobile,Telco-Bundle,1
3909,158,Ad-Supported,Mobile,Telco-Bundle,5
3910,75,Ad-Supported,CTV,Organic,2
3911,193,Ad-Supported,Tablet,Referral,6
3912,133,Ad-Supported,Mobile,Paid-Social,4
3913,19,Premium,Mobile,Paid-Social,0
3914,29,Premium,Mobile,Paid-Social,0
3915,341,Ad-Supported,Mobile,Telco-Bundle,11
3916,23,Premium,Mobile,Paid-Social,0
3917,313,Ad-Supported,Web,Paid-Social,10
3918,366,Ad-Supported,Mobile,Organic,12
3919,186,Ad-Supported,CTV,Paid-Social,6
3920,125,Premium,Mobile,Organic,4
3921,310,Ad-Supported,Mobile,Telco-Bundle,10
3922,392,Ad-Supported,Mobile,Organic,13
3923,49,Premium,Mobile,Referral,1
3924,385,Ad-Supported,CTV,Telco-Bundle,12
3925,377,Premium,CTV,Telco-Bundle,12
3926,57,Ad-Supported,Tablet,Referral,1
3927,22,Ad-Supported,Mobile,Organic,0
3928,286,Premium,CTV,Paid-Social,9
3929,31,Ad-Supported,Web,Organic,1
3930,240,Ad-Supported,Mobile,Organic,8
3931,26,Premium,Web,Paid-Social,0
3932,276,Premium,Tablet,Telco-Bundle,9
3933,93,Premium,Web,Telco-Bundle,3
3934,39,Premium,CTV,Organic,1
3935,27,Ad-Supported,CTV,Telco-Bundle,0
3936,76,Ad-Supported,Mobile,Organic,2
3937,216,Ad-Supported,CTV,Organic,7
3938,31,Ad-Supported,Tablet,Organic,1
3939,321,Premium,Mobile,Paid-Social,10
3940,242,Ad-Supported,Web,Paid-Social,8
3941,119,Ad-Supported,CTV,Organic,3
3942,394,Ad-Supported,Mobile,Organic,13
3943,263,Ad-Supported,CTV,Paid-Social,8
3944,269,Ad-Supported,Web,Telco-Bundle,8
3945,70,Ad-Supported,CTV,Organic,2
3946,284,Ad-Supported,Web,Telco-Bundle,9
3947,224,Ad-Supported,Mobile,Telco-Bundle,7
3948,393,Ad-Supported,Web,Paid-Social,13
3949,191,Premium,CTV,Organic,6
3950,271,Ad-Supported,Web,Referral,9
3951,137,Ad-Supported,Mobile,Paid-Social,4
3952,17,Ad-Supported,Mobile,Paid-Social,0
3953,52,Ad-Supported,Web,Telco-Bundle,1
3954,346,Premium,Mobile,Telco-Bundle,11
3955,295,Premium,Mobile,Telco-Bundle,9
3956,146,Premium,Web,Telco-Bundle,4
3957,279,Premium,CTV,Organic,9
3958,2,Ad-Supported,Web,Telco-Bundle,0
3959,15,Ad-Supported,CTV,Organic,0
3960,203,Ad-Supported,Tablet,Telco-Bundle,6
3961,250,Ad-Supported,Mobile,Paid-Social,8
3962,374,Ad-Supported,CTV,Organic,12
3963,304,Ad-Supported,Web,Paid-Social,10
3964,103,Ad-Supported,CTV,Telco-Bundle,3
3965,326,Ad-Supported,Mobile,Paid-Social,10
3966,197,Premium,Mobile,Telco-Bundle,6
3967,330,Premium,CTV,Organic,11
3968,70,Premium,Web,Organic,2
3969,11,Ad-Supported,CTV,Paid-Social,0
3970,24,Ad-Supported,Web,Paid-Social,0
3971,396,Premium,Web,Telco-Bundle,13
3972,33,Premium,Mobile,Referral,1
3973,375,Ad-Supported,CTV,Telco-Bundle,12
3974,291,Ad-Supported,CTV,Paid-Social,9
3975,59,Ad-Supported,Mobile,Paid-Social,1
3976,345,Premium,Mobile,Referral,11
3977,58,Premium,CTV,Telco-Bundle,1
3978,58,Ad-Supported,Web,Telco-Bundle,1
3979,230,Ad-Supported,Mobile,Organic,7
3980,116,Ad-Supported,Mobile,Telco-Bundle,3
3981,117,Ad-Supported,Mobile,Organic,3
3982,78,Premium,Web,Telco-Bundle,2
3983,243,Ad-Supported,CTV,Telco-Bundle,8
3984,11,Ad-Supported,Mobile,Referral,0
3985,98,Ad-Supported,Web,Organic,3
3986,221,Premium,Mobile,Telco-Bundle,7
3987,195,Ad-Supported,Mobile,Organic,6
3988,280,Ad-Supported,Mobile,Paid-Social,9
3989,87,Premium,CTV,Telco-Bundle,2
3990,259,Premium,Web,Paid-Social,8
3991,304,Premium,Mobile,Organic,10
3992,155,Premium,Web,Telco-Bundle,5
3993,103,Ad-Supported,CTV,Telco-Bundle,3
3994,222,Premium,Web,Paid-Social,7
3995,231,Premium,Web,Paid-Social,7
3996,38,Ad-Supported,Web,Telco-Bundle,1
3997,226,Premium,Mobile,Paid-Social,7
3998,62,Ad-Supported,Mobile,Organic,2
3999,227,Ad-Supported,Tablet,Paid-Social,7
4000,372,Ad-Supported,CTV,Telco-Bundle,12
4001,215,Ad-Supported,CTV,Organic,7
4002,304,Premium,Web,Organic,10
4003,124,Ad-Supported,Web,Referral,4
4004,369,Ad-Supported,CTV,Telco-Bundle,12
4005,325,Ad-Supported,Web,Telco-Bundle,10
4006,366,Ad-Supported,Mobile,Telco-Bundle,12
4007,296,Ad-Supported,Web,Referral,9
4008,260,Ad-Supported,Tablet,Paid-Social,8
4009,210,Premium,Mobile,Organic,7
4010,371,Premium,Mobile,Telco-Bundle,12
4011,339,Ad-Supported,Web,Referral,11
4012,167,Premium,CTV,Telco-Bundle,5
4013,35,Premium,Mobile,Organic,1
4014,2,Ad-Supported,Mobile,Referral,0
4015,94,Ad-Supported,Mobile,Telco-Bundle,3
4016,25,Ad-Supported,Mobile,Paid-Social,0
4017,85,Premium,Web,Referral,2
4018,44,Ad-Supported,CTV,Telco-Bundle,1
4019,392,Ad-Supported,CTV,Telco-Bundle,13
4020,39,Premium,Mobile,Referral,1
4021,251,Ad-Supported,Mobile,Organic,8
4022,141,Premium,Mobile,Telco-Bundle,4
4023,70,Ad-Supported,Web,Paid-Social,2
4024,280,Premium,Tablet,Telco-Bundle,9
4025,388,Ad-Supported,Mobile,Telco-Bundle,12
4026,316,Ad-Supported,Tablet,Telco-Bundle,10
4027,390,Premium,Mobile,Telco-Bundle,13
4028,236,Ad-Supported,Mobile,Telco-Bundle,7
4029,269,Premium,Web,Organic,8
4030,59,Premium,Mobile,Paid-Social,1
4031,341,Ad-Supported,Web,Organic,11
4032,299,Ad-Supported,Mobile,Telco-Bundle,9
4033,102,Premium,Web,Telco-Bundle,3
4034,142,Ad-Supported,Mobile,Telco-Bundle,4
4035,244,Premium,Mobile,Organic,8
4036,6,Ad-Supported,Mobile,Telco-Bundle,0
4037,327,Premium,Tablet,Paid-Social,10
4038,112,Ad-Supported,CTV,Referral,3
4039,30,Premium,CTV,Telco-Bundle,1
4040,132,Ad-Supported,Mobile,Paid-Social,4
4041,334,Ad-Supported,Mobile,Telco-Bundle,11
4042,110,Premium,Mobile,Organic,3
4043,216,Premium,Web,Organic,7
4044,324,Ad-Supported,Mobile,Telco-Bundle,10
4045,14,Premium,Mobile,Telco-Bundle,0
4046,304,Ad-Supported,CTV,Organic,10
4047,116,Ad-Supported,CTV,Organic,3
4048,278,Ad-Supported,Mobile,Paid-Social,9
4049,76,Ad-Supported,Mobile,Organic,2
4050,56,Ad-Supported,Mobile,Paid-Social,1
4051,315,Ad-Supported,CTV,Paid-Social,10
4052,323,Ad-Supported,Mobile,Referral,10
4053,392,Premium,CTV,Organic,13
4054,271,Premium,Mobile,Organic,9
4055,186,Premium,Web,Organic,6
4056,78,Ad-Supported,Tablet,Organic,2
4057,118,Premium,Mobile,Telco-Bundle,3
4058,259,Ad-Supported,Mobile,Paid-Social,8
4059,139,Premium,Mobile,Organic,4
4060,193,Ad-Supported,Web,Referral,6
4061,68,Ad-Supported,CTV,Telco-Bundle,2
4062,176,Ad-Supported,CTV,Organic,5
4063,95,Premium,Mobile,Organic,3
4064,45,Premium,Mobile,Telco-Bundle,1
4065,53,Premium,CTV,Telco-Bundle,1
4066,207,Premium,CTV,Referral,6
4067,147,Premium,Web,Organic,4
4068,40,Ad-Supported,Web,Telco-Bundle,1
4069,206,Premium,CTV,Organic,6
4070,66,Ad-Supported,CTV,Organic,2
4071,7,Ad-Supported,Web,Telco-Bundle,0
4072,53,Ad-Supported,Web,Telco-Bundle,1
4073,179,Premium,Web,Organic,5
4074,381,Premium,Tablet,Organic,12
4075,97,Ad-Supported,Mobile,Telco-Bundle,3
4076,114,Ad-Supported,CTV,Organic,3
4077,97,Ad-Supported,CTV,Organic,3
4078,142,Premium,Mobile,Organic,4
4079,287,Premium,CTV,Organic,9
4080,129,Ad-Supported,Mobile,Telco-Bundle,4
4081,263,Ad-Supported,Mobile,Organic,8
4082,359,Ad-Supported,Mobile,Paid-Social,11
4083,378,Ad-Supported,CTV,Telco-Bundle,12
4084,225,Ad-Supported,CTV,Organic,7
4085,285,Ad-Supported,CTV,Telco-Bundle,9
4086,367,Ad-Supported,Mobile,Organic,12
4087,314,Ad-Supported,CTV,Telco-Bundle,10
4088,120,Premium,Mobile,Telco-Bundle,4
4089,53,Ad-Supported,Mobile,Telco-Bundle,1
4090,46,Ad-Supported,Mobile,Paid-Social,1
4091,352,Premium,Web,Telco-Bundle,11
4092,222,Premium,Mobile,Telco-Bundle,7
4093,119,Ad-Supported,CTV,Paid-Social,3
4094,138,Ad-Supported,Web,Organic,4
4095,113,Premium,Mobile,Organic,3
4096,320,Ad-Supported,Web,Organic,10
4097,245,Premium,Mobile,Organic,8
4098,351,Ad-Supported,Mobile,Referral,11
4099,121,Ad-Supported,Mobile,Referral,4
4100,189,Ad-Supported,CTV,Organic,6
4101,49,Premium,Tablet,Referral,1
4102,388,Ad-Supported,CTV,Telco-Bundle,12
4103,205,Ad-Supported,CTV,Paid-Social,6
4104,221,Ad-Supported,Mobile,Referral,7
4105,166,Premium,Tablet,Telco-Bundle,5
4106,109,Ad-Supported,Mobile,Paid-Social,3
4107,379,Premium,Mobile,Organic,12
4108,196,Premium,Tablet,Organic,6
4109,270,Ad-Supported,Mobile,Referral,9
4110,15,Premium,Mobile,Organic,0
4111,111,Premium,Mobile,Organic,3
4112,321,Ad-Supported,Mobile,Organic,10
4113,36,Ad-Supported,Web,Paid-Social,1
4114,41,Ad-Supported,Mobile,Paid-Social,1
4115,324,Ad-Supported,Tablet,Referral,10
4116,124,Ad-Supported,Mobile,Paid-Social,4
4117,110,Premium,CTV,Telco-Bundle,3
4118,226,Premium,CTV,Paid-Social,7
4119,78,Ad-Supported,CTV,Paid-Social,2
4120,18,Ad-Supported,CTV,Organic,0
4121,2,Ad-Supported,CTV,Organic,0
4122,32,Ad-Supported,CTV,Telco-Bundle,1
4123,64,Ad-Supported,Web,Telco-Bundle,2
4124,278,Premium,Mobile,Paid-Social,9
4125,119,Premium,Mobile,Referral,3
4126,29,Ad-Supported,CTV,Telco-Bundle,0
4127,6,Premium,Mobile,Organic,0
4128,191,Ad-Supported,Mobile,Telco-Bundle,6
4129,336,Premium,Tablet,Telco-Bundle,11
4130,136,Ad-Supported,Mobile,Telco-Bundle,4
4131,26,Ad-Supported,Mobile,Organic,0
4132,92,Premium,CTV,Organic,3
4133,200,Ad-Supported,Mobile,Paid-Social,6
4134,76,Ad-Supported,Mobile,Organic,2
4135,391,Ad-Supported,Mobile,Organic,13
4136,305,Premium,Mobile,Telco-Bundle,10
4137,138,Premium,Mobile,Paid-Social,4
4138,380,Ad-Supported,Web,Organic,12
4139,130,Ad-Supported,Mobile,Paid-Social,4
4140,56,Premium,Mobile,Organic,1
4141,375,Ad-Supported,CTV,Paid-Social,12
4142,383,Ad-Supported,Mobile,Telco-Bundle,12
4143,125,Premium,Mobile,Telco-Bundle,4
4144,238,Ad-Supported,Mobile,Organic,7
4145,70,Premium,Mobile,Telco-Bundle,2
4146,257,Ad-Supported,Mobile,Telco-Bundle,8
4147,276,Premium,Mobile,Telco-Bundle,9
4148,284,Ad-Supported,Web,Referral,9
4149,227,Ad-Supported,Tablet,Organic,7
4150,281,Ad-Supported,Web,Organic,9
4151,222,Premium,Mobile,Telco-Bundle,7
4152,328,Premium,Web,Paid-Social,10
4153,72,Premium,CTV,Organic,2
4154,193,Ad-Supported,Mobile,Organic,6
4155,167,Ad-Supported,Tablet,Organic,5
4156,213,Premium,Web,Organic,7
4157,57,Premium,Mobile,Organic,1
4158,130,Ad-Supported,Tablet,Referral,4
4159,381,Premium,Mobile,Organic,12
4160,42,Ad-Supported,Mobile,Telco-Bundle,1
4161,254,Ad-Supported,Mobile,Organic,8
4162,266,Premium,Mobile,Organic,8
4163,190,Ad-Supported,Tablet,Referral,6
4164,14,Ad-Supported,CTV,Organic,0
4165,14,Ad-Supported,Mobile,Organic,0
4166,110,Premium,Web,Telco-Bundle,3
4167,41,Ad-Supported,Web,Organic,1
4168,38,Premium,Web,Organic,1
4169,64,Ad-Supported,Tablet,Referral,2
4170,77,Ad-Supported,Web,Paid-Social,2
4171,335,Ad-Supported,CTV,Telco-Bundle,11
4172,255,Ad-Supported,Mobile,Organic,8
4173,13,Ad-Supported,Web,Organic,0
4174,251,Ad-Supported,Mobile,Paid-Social,8
4175,55,Premium,Mobile,Telco-Bundle,1
4176,169,Ad-Supported,Mobile,Organic,5
4177,16,Premium,Mobile,Telco-Bundle,0
4178,36,Premium,CTV,Telco-Bundle,1
4179,53,Ad-Supported,Web,Paid-Social,1
4180,173,Ad-Supported,Mobile,Paid-Social,5
4181,185,Ad-Supported,CTV,Telco-Bundle,6
4182,141,Ad-Supported,Mobile,Telco-Bundle,4
4183,248,Ad-Supported,CTV,Organic,8
4184,288,Ad-Supported,Mobile,Telco-Bundle,9
4185,291,Ad-Supported,Mobile,Paid-Social,9
4186,232,Ad-Supported,CTV,Referral,7
4187,218,Premium,CTV,Referral,7
4188,197,Ad-Supported,Mobile,Organic,6
4189,95,Ad-Supported,Mobile,Paid-Social,3
4190,195,Ad-Supported,Mobile,Paid-Social,6
4191,5,Premium,CTV,Paid-Social,0
4192,386,Ad-Supported,Mobile,Telco-Bundle,12
4193,148,Ad-Supported,Mobile,Organic,4
4194,302,Premium,Web,Telco-Bundle,10
4195,382,Ad-Supported,CTV,Referral,12
4196,199,Ad-Supported,Mobile,Referral,6
4197,344,Ad-Supported,CTV,Organic,11
4198,192,Premium,Mobile,Referral,6
4199,53,Premium,Mobile,Organic,1
4200,11,Premium,CTV,Paid-Social,0
4201,55,Ad-Supported,Mobile,Organic,1
4202,377,Ad-Supported,Mobile,Telco-Bundle,12
4203,190,Ad-Supported,Web,Organic,6
4204,128,Premium,CTV,Organic,4
4205,178,Premium,Web,Organic,5
4206,103,Premium,Web,Referral,3
4207,348,Ad-Supported,Mobile,Paid-Social,11
4208,399,Premium,CTV,Telco-Bundle,13
4209,34,Premium,Mobile,Telco-Bundle,1
4210,287,Premium,CTV,Paid-Social,9
4211,134,Premium,Mobile,Organic,4
4212,19,Ad-Supported,Mobile,Organic,0
4213,368,Premium,Mobile,Paid-Social,12
4214,25,Ad-Supported,Web,Referral,0
4215,83,Ad-Supported,Mobile,Organic,2
4216,11,Premium,CTV,Telco-Bundle,0
4217,189,Premium,Web,Telco-Bundle,6
4218,240,Premium,CTV,Referral,8
4219,128,Ad-Supported,Mobile,Organic,4
4220,29,Ad-Supported,Mobile,Referral,0
4221,47,Ad-Supported,Web,Telco-Bundle,1
4222,373,Premium,CTV,Paid-Social,12
4223,322,Premium,Mobile,Telco-Bundle,10
4224,374,Premium,Tablet,Organic,12
4225,212,Ad-Supported,Mobile,Telco-Bundle,7
4226,218,Ad-Supported,Mobile,Telco-Bundle,7
4227,314,Premium,Mobile,Telco-Bundle,10
4228,247,Ad-Supported,Mobile,Telco-Bundle,8
4229,175,Premium,Mobile,Telco-Bundle,5
4230,117,Ad-Supported,CTV,Organic,3
4231,194,Ad-Supported,Mobile,Organic,6
4232,26,Ad-Supported,CTV,Telco-Bundle,0
4233,77,Premium,Web,Telco-Bundle,2
4234,295,Premium,Web,Telco-Bundle,9
4235,347,Premium,Mobile,Paid-Social,11
4236,41,Premium,Web,Paid-Social,1
4237,39,Ad-Supported,Mobile,Telco-Bundle,1
4238,35,Premium,CTV,Telco-Bundle,1
4239,316,Premium,Mobile,Paid-Social,10
4240,125,Ad-Supported,CTV,Organic,4
4241,131,Premium,Mobile,Telco-Bundle,4
4242,5,Ad-Supported,CTV,Telco-Bundle,0
4243,389,Ad-Supported,Mobile,Paid-Social,12
4244,174,Ad-Supported,Mobile,Paid-Social,5
4245,319,Premium,CTV,Organic,10
4246,283,Ad-Supported,Mobile,Paid-Social,9
4247,57,Ad-Supported,CTV,Organic,1
4248,320,Premium,CTV,Organic,10
4249,220,Ad-Supported,CTV,Telco-Bundle,7
4250,242,Premium,CTV,Paid-Social,8
4251,80,Premium,Web,Telco-Bundle,2
4252,338,Ad-Supported,Web,Paid-Social,11
4253,372,Ad-Supported,Mobile,Organic,12
4254,163,Premium,CTV,Paid-Social,5
4255,37,Ad-Supported,CTV,Organic,1
4256,339,Ad-Supported,Mobile,Telco-Bundle,11
4257,355,Premium,Mobile,Referral,11
4258,203,Premium,Mobile,Telco-Bundle,6
4259,232,Premium,CTV,Telco-Bundle,7
4260,89,Ad-Supported,Mobile,Telco-Bundle,2
4261,27,Premium,CTV,Telco-Bundle,0
4262,377,Premium,CTV,Paid-Social,12
4263,193,Premium,CTV,Telco-Bundle,6
4264,110,Premium,Mobile,Paid-Social,3
4265,277,Premium,Web,Organic,9
4266,11,Ad-Supported,CTV,Telco-Bundle,0
4267,32,Ad-Supported,Mobile,Telco-Bundle,1
4268,97,Ad-Supported,Mobile,Organic,3
4269,180,Ad-Supported,Mobile,Referral,6
4270,147,Ad-Supported,Tablet,Organic,4
4271,75,Ad-Supported,Mobile,Telco-Bundle,2
4272,141,Premium,Mobile,Referral,4
4273,134,Ad-Supported,Mobile,Organic,4
4274,210,Ad-Supported,Mobile,Referral,7
4275,225,Ad-Supported,Mobile,Telco-Bundle,7
4276,353,Ad-Supported,Web,Telco-Bundle,11
4277,322,Premium,Mobile,Referral,10
4278,117,Ad-Supported,Web,Telco-Bundle,3
4279,361,Ad-Supported,Mobile,Paid-Social,12
4280,208,Premium,Mobile,Telco-Bundle,6
4281,75,Ad-Supported,Web,Paid-Social,2
4282,136,Ad-Supported,CTV,Organic,4
4283,296,Premium,Web,Organic,9
4284,328,Ad-Supported,Mobile,Paid-Social,10
4285,150,Premium,CTV,Telco-Bundle,5
4286,63,Premium,CTV,Referral,2
4287,77,Premium,Mobile,Referral,2
4288,42,Ad-Supported,Web,Organic,1
4289,279,Premium,Mobile,Paid-Social,9
4290,201,Premium,Mobile,Paid-Social,6
4291,181,Ad-Supported,Web,Organic,6
4292,269,Premium,CTV,Paid-Social,8
4293,331,Ad-Supported,Web,Paid-Social,11
4294,318,Premium,Web,Referral,10
4295,55,Ad-Supported,Mobile,Organic,1
4296,236,Ad-Supported,CTV,Telco-Bundle,7
4297,353,Ad-Supported,Tablet,Telco-Bundle,11
4298,309,Premium,Mobile,Telco-Bundle,10
4299,132,Ad-Supported,Mobile,Organic,4
4300,157,Ad-Supported,Web,Organic,5
4301,356,Ad-Supported,Mobile,Referral,11
4302,14,Premium,Web,Organic,0
4303,210,Ad-Supported,Mobile,Organic,7
4304,47,Ad-Supported,Web,Referral,1
4305,357,Premium,CTV,Telco-Bundle,11
4306,16,Ad-Supported,CTV,Telco-Bundle,0
4307,10,Ad-Supported,Web,Organic,0
4308,132,Ad-Supported,Mobile,Paid-Social,4
4309,80,Premium,CTV,Telco-Bundle,2
4310,198,Premium,Web,Organic,6
4311,120,Ad-Supported,Tablet,Organic,4
4312,143,Ad-Supported,Tablet,Organic,4
4313,226,Ad-Supported,CTV,Telco-Bundle,7
4314,224,Premium,CTV,Organic,7
4315,374,Ad-Supported,CTV,Telco-Bundle,12
4316,192,Ad-Supported,CTV,Organic,6
4317,226,Premium,CTV,Organic,7
4318,271,Ad-Supported,Mobile,Referral,9
4319,70,Ad-Supported,Mobile,Referral,2
4320,267,Ad-Supported,CTV,Telco-Bundle,8
4321,344,Ad-Supported,Mobile,Referral,11
4322,127,Ad-Supported,Mobile,Organic,4
4323,72,Premium,Mobile,Paid-Social,2
4324,139,Ad-Supported,Web,Organic,4
4325,110,Ad-Supported,Tablet,Paid-Social,3
4326,234,Premium,CTV,Telco-Bundle,7
4327,345,Premium,Tablet,Telco-Bundle,11
4328,238,Premium,Web,Organic,7
4329,51,Premium,Mobile,Paid-Social,1
4330,126,Ad-Supported,Mobile,Referral,4
4331,276,Premium,Mobile,Paid-Social,9
4332,132,Ad-Supported,Mobile,Organic,4
4333,234,Ad-Supported,CTV,Paid-Social,7
4334,277,Premium,Mobile,Organic,9
4335,132,Premium,Web,Paid-Social,4
4336,259,Ad-Supported,CTV,Paid-Social,8
4337,159,Ad-Supported,Mobile,Paid-Social,5
4338,54,Premium,Tablet,Paid-Social,1
4339,149,Ad-Supported,Tablet,Paid-Social,4
4340,176,Ad-Supported,Web,Organic,5
4341,1,Ad-Supported,Web,Organic,0
4342,357,Ad-Supported,Tablet,Paid-Social,11
4343,211,Ad-Supported,CTV,Telco-Bundle,7
4344,15,Premium,Web,Telco-Bundle,0
4345,347,Ad-Supported,Mobile,Organic,11
4346,342,Ad-Supported,CTV,Paid-Social,11
4347,5,Premium,CTV,Telco-Bundle,0
4348,66,Ad-Supported,Mobile,Paid-Social,2
4349,146,Premium,Mobile,Telco-Bundle,4
4350,203,Premium,Mobile,Referral,6
4351,290,Ad-Supported,Mobile,Organic,9
4352,170,Premium,Mobile,Paid-Social,5
4353,245,Premium,Mobile,Paid-Social,8
4354,5,Premium,Web,Paid-Social,0
4355,263,Premium,CTV,Organic,8
4356,366,Ad-Supported,CTV,Telco-Bundle,12
4357,210,Premium,Mobile,Organic,7
4358,182,Premium,Web,Telco-Bundle,6
4359,119,Ad-Supported,Mobile,Telco-Bundle,3
4360,381,Premium,Mobile,Organic,12
4361,14,Ad-Supported,CTV,Referral,0
4362,115,Ad-Supported,Web,Telco-Bundle,3
4363,56,Premium,Tablet,Paid-Social,1
4364,346,Ad-Supported,Web,Referral,11
4365,193,Ad-Supported,CTV,Telco-Bundle,6
4366,369,Ad-Supported,CTV,Organic,12
4367,266,Premium,CTV,Paid-Social,8
4368,223,Ad-Supported,Mobile,Paid-Social,7
4369,207,Premium,Mobile,Telco-Bundle,6
4370,81,Premium,Tablet,Referral,2
4371,225,Premium,Tablet,Paid-Social,7
4372,274,Premium,Mobile,Organic,9
4373,386,Premium,Mobile,Paid-Social,12
4374,220,Ad-Supported,Mobile,Telco-Bundle,7
4375,375,Premium,Mobile,Paid-Social,12
4376,377,Ad-Supported,Mobile,Organic,12
4377,209,Ad-Supported,CTV,Organic,6
4378,176,Ad-Supported,Mobile,Telco-Bundle,5
4379,57,Premium,Mobile,Organic,1
4380,108,Ad-Supported,Mobile,Paid-Social,3
4381,351,Ad-Supported,Web,Organic,11
4382,56,Ad-Supported,Mobile,Paid-Social,1
4383,159,Ad-Supported,Mobile,Organic,5
4384,279,Ad-Supported,CTV,Organic,9
4385,97,Premium,Web,Telco-Bundle,3
4386,389,Ad-Supported,Mobile,Organic,12
4387,260,Ad-Supported,CTV,Organic,8
4388,12,Ad-Supported,Mobile,Paid-Social,0
4389,99,Ad-Supported,CTV,Organic,3
4390,296,Premium,Mobile,Organic,9
4391,345,Ad-Supported,Web,Paid-Social,11
4392,370,Ad-Supported,Tablet,Paid-Social,12
4393,340,Premium,Web,Paid-Social,11
4394,30,Ad-Supported,Web,Referral,1
4395,292,Ad-Supported,Mobile,Paid-Social,9
4396,44,Premium,CTV,Paid-Social,1
4397,31,Premium,Mobile,Referral,1
4398,277,Premium,Mobile,Paid-Social,9
4399,191,Ad-Supported,CTV,Telco-Bundle,6
4400,259,Ad-Supported,CTV,Paid-Social,8
4401,340,Ad-Supported,CTV,Telco-Bundle,11
4402,28,Ad-Supported,Web,Referral,0
4403,211,Ad-Supported,CTV,Organic,7
4404,333,Premium,Web,Referral,11
4405,176,Premium,Web,Paid-Social,5
4406,209,Ad-Supported,Web,Telco-Bundle,6
4407,199,Ad-Supported,Mobile,Paid-Social,6
4408,362,Premium,CTV,Organic,12
4409,20,Ad-Supported,CTV,Organic,0
4410,351,Ad-Supported,Tablet,Referral,11
4411,326,Ad-Supported,Mobile,Telco-Bundle,10
4412,325,Premium,Mobile,Telco-Bundle,10
4413,165,Premium,Mobile,Organic,5
4414,206,Ad-Supported,Mobile,Organic,6
4415,148,Ad-Supported,Web,Organic,4
4416,101,Premium,Mobile,Organic,3
4417,350,Ad-Supported,Mobile,Paid-Social,11
4418,202,Premium,CTV,Referral,6
4419,289,Ad-Supported,Mobile,Telco-Bundle,9
4420,41,Premium,Mobile,Paid-Social,1
4421,315,Premium,CTV,Organic,10
4422,263,Ad-Supported,CTV,Telco-Bundle,8
4423,399,Ad-Supported,Tablet,Telco-Bundle,13
4424,54,Premium,CTV,Telco-Bundle,1
4425,216,Ad-Supported,Tablet,Paid-Social,7
4426,204,Ad-Supported,Mobile,Organic,6
4427,215,Ad-Supported,Web,Organic,7
4428,22,Premium,CTV,Referral,0
4429,189,Ad-Supported,CTV,Telco-Bundle,6
4430,120,Premium,Mobile,Referral,4
4431,247,Ad-Supported,Mobile,Organic,8
4432,93,Ad-Supported,Mobile,Paid-Social,3
4433,174,Ad-Supported,Web,Organic,5
4434,248,Premium,Web,Referral,8
4435,26,Ad-Supported,Mobile,Organic,0
4436,314,Ad-Supported,CTV,Telco-Bundle,10
4437,286,Ad-Supported,CTV,Organic,9
4438,23,Ad-Supported,CTV,Organic,0
4439,26,Ad-Supported,Mobile,Organic,0
4440,340,Ad-Supported,Web,Paid-Social,11
4441,114,Ad-Supported,CTV,Telco-Bundle,3
4442,344,Premium,CTV,Referral,11
4443,200,Ad-Supported,CTV,Telco-Bundle,6
4444,137,Ad-Supported,CTV,Paid-Social,4
4445,110,Ad-Supported,Mobile,Telco-Bundle,3
4446,263,Ad-Supported,Web,Organic,8
4447,44,Premium,Mobile,Telco-Bundle,1
4448,161,Ad-Supported,Web,Telco-Bundle,5
4449,138,Ad-Supported,Web,Paid-Social,4
4450,62,Premium,CTV,Organic,2
4451,141,Ad-Supported,CTV,Organic,4
4452,211,Premium,Mobile,Paid-Social,7
4453,271,Premium,Mobile,Referral,9
4454,35,Ad-Supported,CTV,Telco-Bundle,1
4455,349,Ad-Supported,Mobile,Paid-Social,11
4456,351,Ad-Supported,Mobile,Paid-Social,11
4457,277,Ad-Supported,Tablet,Telco-Bundle,9
4458,369,Ad-Supported,Mobile,Organic,12
4459,171,Ad-Supported,Mobile,Organic,5
4460,328,Ad-Supported,Mobile,Telco-Bundle,10
4461,291,Ad-Supported,CTV,Organic,9
4462,225,Ad-Supported,Mobile,Organic,7
4463,72,Premium,Web,Paid-Social,2
4464,223,Premium,CTV,Organic,7
4465,360,Ad-Supported,Mobile,Referral,12
4466,393,Premium,Mobile,Telco-Bundle,13
4467,179,Ad-Supported,Mobile,Referral,5
4468,99,Premium,Web,Referral,3
4469,299,Ad-Supported,Mobile,Organic,9
4470,31,Premium,Mobile,Paid-Social,1
4471,61,Ad-Supported,Mobile,Telco-Bundle,2
4472,225,Ad-Supported,Mobile,Organic,7
4473,396,Premium,CTV,Referral,13
4474,132,Ad-Supported,Mobile,Organic,4
4475,177,Ad-Supported,Tablet,Paid-Social,5
4476,129,Premium,Mobile,Telco-Bundle,4
4477,176,Premium,CTV,Referral,5
4478,3,Premium,CTV,Telco-Bundle,0
4479,238,Premium,Mobile,Paid-Social,7
4480,238,Premium,CTV,Organic,7
4481,126,Ad-Supported,Web,Paid-Social,4
4482,106,Ad-Supported,Web,Telco-Bundle,3
4483,304,Premium,Tablet,Paid-Social,10
4484,75,Premium,CTV,Telco-Bundle,2
4485,19,Ad-Supported,Mobile,Organic,0
4486,17,Ad-Supported,Web,Organic,0
4487,352,Premium,Mobile,Referral,11
4488,146,Ad-Supported,CTV,Organic,4
4489,41,Ad-Supported,Web,Telco-Bundle,1
4490,351,Premium,Web,Paid-Social,11
4491,60,Ad-Supported,Web,Referral,2
4492,135,Ad-Supported,Mobile,Organic,4
4493,9,Ad-Supported,CTV,Organic,0
4494,271,Ad-Supported,Mobile,Telco-Bundle,9
4495,280,Premium,Web,Telco-Bundle,9
4496,302,Ad-Supported,CTV,Paid-Social,10
4497,105,Ad-Supported,Mobile,Paid-Social,3
4498,131,Ad-Supported,Web,Paid-Social,4
4499,375,Ad-Supported,Mobile,Referral,12
4500,328,Ad-Supported,CTV,Telco-Bundle,10
4501,15,Ad-Supported,Tablet,Referral,0
4502,277,Ad-Supported,CTV,Referral,9
4503,325,Ad-Supported,CTV,Paid-Social,10
4504,224,Ad-Supported,Mobile,Telco-Bundle,7
4505,256,Ad-Supported,Mobile,Telco-Bundle,8
4506,1,Ad-Supported,Mobile,Telco-Bundle,0
4507,12,Ad-Supported,Mobile,Telco-Bundle,0
4508,15,Ad-Supported,Mobile,Organic,0
4509,64,Ad-Supported,CTV,Referral,2
4510,396,Ad-Supported,CTV,Telco-Bundle,13
4511,254,Premium,Mobile,Telco-Bundle,8
4512,313,Ad-Supported,CTV,Paid-Social,10
4513,118,Premium,Web,Paid-Social,3
4514,375,Premium,Mobile,Telco-Bundle,12
4515,80,Ad-Supported,CTV,Telco-Bundle,2
4516,361,Ad-Supported,Mobile,Organic,12
4517,13,Ad-Supported,CTV,Paid-Social,0
4518,9,Ad-Supported,CTV,Telco-Bundle,0
4519,32,Ad-Supported,Mobile,Referral,1
4520,316,Ad-Supported,Mobile,Organic,10
4521,103,Premium,Web,Organic,3
4522,181,Ad-Supported,Mobile,Paid-Social,6
4523,189,Premium,CTV,Organic,6
4524,316,Premium,CTV,Organic,10
4525,140,Ad-Supported,Mobile,Paid-Social,4
4526,3,Premium,CTV,Telco-Bundle,0
4527,155,Premium,CTV,Paid-Social,5
4528,115,Ad-Supported,Mobile,Paid-Social,3
4529,292,Ad-Supported,Tablet,Referral,9
4530,300,Ad-Supported,Mobile,Paid-Social,10
4531,37,Ad-Supported,CTV,Telco-Bundle,1
4532,317,Ad-Supported,Mobile,Organic,10
4533,29,Ad-Supported,Mobile,Telco-Bundle,0
4534,248,Ad-Supported,CTV,Telco-Bundle,8
4535,156,Premium,CTV,Organic,5
4536,121,Ad-Supported,Mobile,Telco-Bundle,4
4537,193,Ad-Supported,CTV,Telco-Bundle,6
4538,124,Ad-Supported,CTV,Paid-Social,4
4539,317,Premium,Mobile,Telco-Bundle,10
4540,386,Premium,Web,Organic,12
4541,326,Ad-Supported,CTV,Paid-Social,10
4542,176,Premium,CTV,Referral,5
4543,201,Ad-Supported,Web,Organic,6
4544,179,Premium,CTV,Organic,5
4545,317,Ad-Supported,Tablet,Organic,10
4546,221,Ad-Supported,Web,Referral,7
4547,187,Premium,Mobile,Organic,6
4548,164,Premium,Mobile,Organic,5
4549,150,Premium,Tablet,Telco-Bundle,5
4550,221,Ad-Supported,Web,Telco-Bundle,7
4551,275,Premium,Mobile,Paid-Social,9
4552,173,Ad-Supported,Mobile,Referral,5
4553,322,Premium,Mobile,Organic,10
4554,330,Premium,Web,Telco-Bundle,11
4555,172,Ad-Supported,Web,Telco-Bundle,5
4556,363,Ad-Supported,Web,Organic,12
4557,70,Ad-Supported,Mobile,Telco-Bundle,2
4558,372,Ad-Supported,Web,Paid-Social,12
4559,118,Ad-Supported,Mobile,Organic,3
4560,226,Ad-Supported,Mobile,Organic,7
4561,114,Ad-Supported,Mobile,Organic,3
4562,177,Ad-Supported,CTV,Telco-Bundle,5
4563,136,Ad-Supported,CTV,Organic,4
4564,282,Premium,Mobile,Referral,9
4565,33,Ad-Supported,Mobile,Organic,1
4566,335,Ad-Supported,Web,Referral,11
4567,361,Premium,Mobile,Telco-Bundle,12
4568,225,Premium,Mobile,Organic,7
4569,219,Ad-Supported,Mobile,Organic,7
4570,280,Ad-Supported,Mobile,Telco-Bundle,9
4571,80,Ad-Supported,Mobile,Organic,2
4572,300,Premium,CTV,Organic,10
4573,88,Premium,Mobile,Telco-Bundle,2
4574,270,Premium,Mobile,Referral,9
4575,122,Premium,Web,Telco-Bundle,4
4576,298,Ad-Supported,Mobile,Telco-Bundle,9
4577,316,Ad-Supported,Web,Paid-Social,10
4578,84,Premium,Mobile,Telco-Bundle,2
4579,247,Premium,Web,Organic,8
4580,199,Ad-Supported,Mobile,Telco-Bundle,6
4581,118,Ad-Supported,CTV,Telco-Bundle,3
4582,235,Ad-Supported,CTV,Paid-Social,7
4583,397,Premium,CTV,Referral,13
4584,1,Ad-Supported,Web,Paid-Social,0
4585,382,Premium,Mobile,Telco-Bundle,12
4586,342,Ad-Supported,Mobile,Paid-Social,11
4587,212,Ad-Supported,Web,Organic,7
4588,244,Premium,Web,Organic,8
4589,148,Ad-Supported,Mobile,Referral,4
4590,52,Premium,CTV,Paid-Social,1
4591,229,Premium,Web,Telco-Bundle,7
4592,326,Premium,Web,Paid-Social,10
4593,93,Ad-Supported,Web,Telco-Bundle,3
4594,287,Premium,Web,Telco-Bundle,9
4595,299,Ad-Supported,Mobile,Organic,9
4596,303,Ad-Supported,CTV,Paid-Social,10
4597,136,Ad-Supported,Mobile,Telco-Bundle,4
4598,157,Ad-Supported,Mobile,Organic,5
4599,167,Ad-Supported,Web,Paid-Social,5
4600,341,Ad-Supported,CTV,Organic,11
4601,360,Ad-Supported,Mobile,Organic,12
4602,166,Ad-Supported,CTV,Referral,5
4603,388,Ad-Supported,Mobile,Referral,12
4604,228,Ad-Supported,Mobile,Telco-Bundle,7
4605,154,Premium,CTV,Organic,5
4606,1,Ad-Supported,CTV,Referral,0
4607,244,Ad-Supported,CTV,Telco-Bundle,8
4608,258,Premium,Mobile,Referral,8
4609,387,Premium,CTV,Organic,12
4610,287,Premium,Mobile,Organic,9
4611,12,Premium,Web,Telco-Bundle,0
4612,227,Premium,Mobile,Referral,7
4613,297,Ad-Supported,Web,Organic,9
4614,199,Premium,Mobile,Organic,6
4615,172,Premium,Mobile,Paid-Social,5
4616,324,Ad-Supported,Mobile,Referral,10
4617,244,Premium,Web,Telco-Bundle,8
4618,272,Premium,Tablet,Referral,9
4619,186,Premium,CTV,Telco-Bundle,6
4620,111,Premium,Mobile,Telco-Bundle,3
4621,208,Ad-Supported,Mobile,Paid-Social,6
4622,383,Ad-Supported,CTV,Organic,12
4623,241,Premium,Mobile,Telco-Bundle,8
4624,283,Premium,Web,Telco-Bundle,9
4625,50,Premium,Mobile,Paid-Social,1
4626,395,Premium,Web,Organic,13
4627,98,Premium,Web,Telco-Bundle,3
4628,388,Premium,Mobile,Telco-Bundle,12
4629,178,Ad-Supported,Mobile,Paid-Social,5
4630,367,Premium,Web,Referral,12
4631,356,Ad-Supported,Mobile,Paid-Social,11
4632,302,Ad-Supported,CTV,Organic,10
4633,366,Ad-Supported,Web,Organic,12
4634,244,Ad-Supported,Mobile,Paid-Social,8
4635,339,Ad-Supported,Web,Organic,11
4636,69,Ad-Supported,Mobile,Telco-Bundle,2
4637,29,Premium,CTV,Telco-Bundle,0
4638,217,Premium,Mobile,Paid-Social,7
4639,324,Ad-Supported,CTV,Telco-Bundle,10
4640,306,Premium,Mobile,Referral,10
4641,211,Ad-Supported,Mobile,Paid-Social,7
4642,208,Ad-Supported,Mobile,Organic,6
4643,244,Ad-Supported,Mobile,Organic,8
4644,347,Ad-Supported,CTV,Telco-Bundle,11
4645,336,Premium,Mobile,Paid-Social,11
4646,44,Ad-Supported,Mobile,Telco-Bundle,1
4647,238,Premium,Mobile,Telco-Bundle,7
4648,152,Ad-Supported,Mobile,Telco-Bundle,5
4649,319,Premium,Mobile,Organic,10
4650,202,Premium,Mobile,Organic,6
4651,396,Ad-Supported,CTV,Paid-Social,13
4652,173,Ad-Supported,CTV,Telco-Bundle,5
4653,271,Ad-Supported,CTV,Telco-Bundle,9
4654,44,Ad-Supported,Mobile,Telco-Bundle,1
4655,373,Ad-Supported,Web,Telco-Bundle,12
4656,62,Ad-Supported,CTV,Paid-Social,2
4657,151,Premium,CTV,Organic,5
4658,335,Premium,Mobile,Organic,11
4659,387,Ad-Supported,Mobile,Organic,12
4660,194,Ad-Supported,Mobile,Organic,6
4661,194,Ad-Supported,Mobile,Organic,6
4662,20,Ad-Supported,CTV,Telco-Bundle,0
4663,391,Premium,Mobile,Organic,13
4664,7,Ad-Supported,Mobile,Organic,0
4665,11,Ad-Supported,Mobile,Organic,0
4666,189,Ad-Supported,Mobile,Organic,6
4667,2,Ad-Supported,Mobile,Organic,0
4668,66,Ad-Supported,Mobile,Organic,2
4669,251,Ad-Supported,CTV,Organic,8
4670,282,Premium,Mobile,Referral,9
4671,119,Ad-Supported,CTV,Organic,3
4672,318,Premium,Tablet,Organic,10
4673,243,Ad-Supported,Web,Paid-Social,8
4674,92,Premium,CTV,Organic,3
4675,285,Ad-Supported,Mobile,Paid-Social,9
4676,237,Ad-Supported,CTV,Paid-Social,7
4677,325,Premium,Web,Telco-Bundle,10
4678,62,Premium,Mobile,Referral,2
4679,93,Ad-Supported,Mobile,Telco-Bundle,3
4680,122,Ad-Supported,Web,Organic,4
4681,137,Premium,Mobile,Paid-Social,4
4682,355,Premium,Web,Organic,11
4683,293,Premium,Mobile,Telco-Bundle,9
4684,218,Ad-Supported,Mobile,Organic,7
4685,216,Ad-Supported,Web,Telco-Bundle,7
4686,354,Ad-Supported,CTV,Organic,11
4687,179,Ad-Supported,CTV,Paid-Social,5
4688,90,Ad-Supported,Web,Organic,3
4689,55,Premium,Web,Paid-Social,1
4690,132,Ad-Supported,Mobile,Telco-Bundle,4
4691,261,Premium,Tablet,Paid-Social,8
4692,188,Premium,Mobile,Organic,6
4693,169,Premium,Mobile,Organic,5
4694,192,Ad-Supported,Web,Telco-Bundle,6
4695,389,Ad-Supported,Mobile,Paid-Social,12
4696,399,Ad-Supported,Web,Telco-Bundle,13
4697,65,Ad-Supported,Mobile,Paid-Social,2
4698,46,Ad-Supported,Mobile,Telco-Bundle,1
4699,98,Ad-Supported,Mobile,Telco-Bundle,3
4700,340,Ad-Supported,CTV,Organic,11
4701,184,Ad-Supported,Web,Paid-Social,6
4702,345,Premium,Mobile,Paid-Social,11
4703,259,Premium,Mobile,Organic,8
4704,221,Ad-Supported,Mobile,Telco-Bundle,7
4705,113,Premium,Mobile,Organic,3
4706,138,Ad-Supported,CTV,Organic,4
4707,59,Ad-Supported,CTV,Telco-Bundle,1
4708,208,Premium,Mobile,Telco-Bundle,6
4709,112,Ad-Supported,Mobile,Organic,3
4710,117,Ad-Supported,CTV,Telco-Bundle,3
4711,16,Ad-Supported,Mobile,Organic,0
4712,319,Ad-Supported,Mobile,Telco-Bundle,10
4713,375,Premium,CTV,Paid-Social,12
4714,199,Ad-Supported,Mobile,Telco-Bundle,6
4715,214,Ad-Supported,Mobile,Paid-Social,7
4716,370,Ad-Supported,Mobile,Paid-Social,12
4717,205,Ad-Supported,Web,Telco-Bundle,6
4718,249,Ad-Supported,Mobile,Organic,8
4719,171,Premium,Web,Organic,5
4720,206,Premium,Mobile,Paid-Social,6
4721,209,Ad-Supported,Mobile,Paid-Social,6
4722,284,Premium,Web,Organic,9
4723,242,Ad-Supported,Mobile,Paid-Social,8
4724,202,Ad-Supported,Mobile,Paid-Social,6
4725,31,Ad-Supported,Mobile,Telco-Bundle,1
4726,361,Ad-Supported,CTV,Referral,12
4727,355,Premium,Mobile,Paid-Social,11
4728,74,Premium,Web,Paid-Social,2
4729,118,Ad-Supported,Mobile,Paid-Social,3
4730,389,Ad-Supported,Mobile,Organic,12
4731,129,Ad-Supported,Mobile,Telco-Bundle,4
4732,325,Ad-Supported,Mobile,Telco-Bundle,10
4733,314,Ad-Supported,Web,Telco-Bundle,10
4734,344,Premium,Mobile,Referral,11
4735,7,Premium,Web,Paid-Social,0
4736,193,Premium,Mobile,Telco-Bundle,6
4737,226,Ad-Supported,CTV,Organic,7
4738,335,Ad-Supported,Mobile,Referral,11
4739,90,Ad-Supported,Web,Paid-Social,3
4740,123,Premium,Mobile,Organic,4
4741,72,Ad-Supported,CTV,Telco-Bundle,2
4742,305,Ad-Supported,Web,Paid-Social,10
4743,399,Ad-Supported,CTV,Referral,13
4744,57,Premium,Mobile,Telco-Bundle,1
4745,94,Premium,Web,Telco-Bundle,3
4746,123,Premium,Mobile,Paid-Social,4
4747,355,Ad-Supported,Mobile,Paid-Social,11
4748,178,Premium,Mobile,Telco-Bundle,5
4749,113,Ad-Supported,Web,Organic,3
4750,129,Ad-Supported,Mobile,Organic,4
4751,239,Ad-Supported,Web,Referral,7
4752,155,Ad-Supported,CTV,Referral,5
4753,57,Ad-Supported,Mobile,Referral,1
4754,328,Premium,Mobile,Organic,10
4755,169,Ad-Supported,CTV,Organic,5
4756,103,Ad-Supported,Mobile,Referral,3
4757,291,Premium,Mobile,Organic,9
4758,298,Premium,Mobile,Paid-Social,9
4759,62,Ad-Supported,Web,Organic,2
4760,30,Ad-Supported,Mobile,Telco-Bundle,1
4761,19,Ad-Supported,Mobile,Paid-Social,0
4762,306,Ad-Supported,Mobile,Organic,10
4763,250,Premium,Mobile,Paid-Social,8
4764,317,Ad-Supported,Tablet,Organic,10
4765,250,Ad-Supported,CTV,Telco-Bundle,8
4766,161,Ad-Supported,CTV,Telco-Bundle,5
4767,236,Ad-Supported,Web,Telco-Bundle,7
4768,289,Ad-Supported,Mobile,Paid-Social,9
4769,160,Premium,Web,Organic,5
4770,366,Ad-Supported,Tablet,Organic,12
4771,359,Premium,CTV,Referral,11
4772,320,Ad-Supported,CTV,Paid-Social,10
4773,396,Premium,Mobile,Paid-Social,13
4774,156,Ad-Supported,Web,Paid-Social,5
4775,46,Ad-Supported,Mobile,Referral,1
4776,194,Ad-Supported,CTV,Telco-Bundle,6
4777,298,Ad-Supported,Mobile,Organic,9
4778,311,Premium,CTV,Telco-Bundle,10
4779,156,Premium,Web,Paid-Social,5
4780,117,Premium,CTV,Telco-Bundle,3
4781,178,Ad-Supported,Mobile,Referral,5
4782,321,Ad-Supported,CTV,Telco-Bundle,10
4783,25,Premium,Web,Telco-Bundle,0
4784,131,Premium,CTV,Paid-Social,4
4785,92,Ad-Supported,Web,Paid-Social,3
4786,322,Premium,Web,Telco-Bundle,10
4787,188,Ad-Supported,Web,Telco-Bundle,6
4788,35,Premium,Mobile,Organic,1
4789,105,Ad-Supported,Mobile,Paid-Social,3
4790,18,Ad-Supported,Web,Organic,0
4791,190,Premium,Web,Organic,6
4792,399,Ad-Supported,Mobile,Telco-Bundle,13
4793,227,Ad-Supported,Mobile,Organic,7
4794,347,Ad-Supported,Mobile,Telco-Bundle,11
4795,297,Ad-Supported,Web,Paid-Social,9
4796,353,Premium,Web,Telco-Bundle,11
4797,125,Premium,CTV,Referral,4
4798,380,Ad-Supported,Mobile,Telco-Bundle,12
4799,96,Premium,Mobile,Telco-Bundle,3
4800,175,Premium,Web,Organic,5
4801,272,Premium,Mobile,Paid-Social,9
4802,115,Ad-Supported,Mobile,Telco-Bundle,3
4803,106,Ad-Supported,Mobile,Telco-Bundle,3
4804,52,Ad-Supported,Web,Telco-Bundle,1
4805,2,Ad-Supported,Mobile,Telco-Bundle,0
4806,200,Premium,Mobile,Organic,6
4807,394,Ad-Supported,Mobile,Organic,13
4808,88,Ad-Supported,Tablet,Referral,2
4809,176,Premium,Mobile,Paid-Social,5
4810,374,Ad-Supported,Mobile,Telco-Bundle,12
4811,309,Ad-Supported,Mobile,Paid-Social,10
4812,2,Premium,Mobile,Referral,0
4813,200,Premium,Web,Telco-Bundle,6
4814,58,Ad-Supported,Web,Organic,1
4815,99,Premium,Mobile,Telco-Bundle,3
4816,99,Premium,Web,Organic,3
4817,245,Premium,Mobile,Paid-Social,8
4818,80,Ad-Supported,Web,Telco-Bundle,2
4819,101,Premium,Mobile,Organic,3
4820,91,Premium,Mobile,Organic,3
4821,143,Ad-Supported,Web,Telco-Bundle,4
4822,262,Premium,Web,Referral,8
4823,160,Premium,Web,Organic,5
4824,131,Ad-Supported,CTV,Telco-Bundle,4
4825,207,Premium,Web,Paid-Social,6
4826,246,Ad-Supported,CTV,Paid-Social,8
4827,7,Premium,Mobile,Telco-Bundle,0
4828,356,Premium,Mobile,Paid-Social,11
4829,366,Ad-Supported,CTV,Telco-Bundle,12
4830,241,Ad-Supported,CTV,Telco-Bundle,8
4831,230,Ad-Supported,Web,Referral,7
4832,278,Premium,Mobile,Telco-Bundle,9
4833,176,Ad-Supported,Mobile,Organic,5
4834,146,Premium,Mobile,Telco-Bundle,4
4835,141,Ad-Supported,Web,Telco-Bundle,4
4836,64,Ad-Supported,Mobile,Organic,2
4837,336,Premium,Web,Telco-Bundle,11
4838,128,Ad-Supported,Mobile,Telco-Bundle,4
4839,114,Ad-Supported,Mobile,Organic,3
4840,385,Ad-Supported,Web,Paid-Social,12
4841,203,Ad-Supported,Mobile,Paid-Social,6
4842,249,Ad-Supported,Web,Paid-Social,8
4843,98,Ad-Supported,Mobile,Telco-Bundle,3
4844,111,Ad-Supported,CTV,Organic,3
4845,291,Ad-Supported,CTV,Telco-Bundle,9
4846,180,Ad-Supported,Web,Telco-Bundle,6
4847,59,Ad-Supported,Mobile,Paid-Social,1
4848,334,Ad-Supported,Mobile,Paid-Social,11
4849,161,Premium,CTV,Organic,5
4850,267,Ad-Supported,Tablet,Organic,8
4851,137,Ad-Supported,Web,Paid-Social,4
4852,224,Ad-Supported,Web,Organic,7
4853,310,Premium,CTV,Telco-Bundle,10
4854,354,Premium,CTV,Telco-Bundle,11
4855,83,Premium,Web,Organic,2
4856,269,Premium,Web,Paid-Social,8
4857,365,Premium,Web,Telco-Bundle,12
4858,257,Premium,Web,Organic,8
4859,58,Ad-Supported,Web,Telco-Bundle,1
4860,76,Premium,Mobile,Organic,2
4861,81,Premium,Mobile,Referral,2
4862,43,Premium,Tablet,Paid-Social,1
4863,301,Ad-Supported,CTV,Paid-Social,10
4864,386,Premium,Mobile,Paid-Social,12
4865,207,Ad-Supported,CTV,Paid-Social,6
4866,239,Ad-Supported,CTV,Telco-Bundle,7
4867,309,Ad-Supported,Web,Organic,10
4868,166,Ad-Supported,Web,Organic,5
4869,189,Premium,Mobile,Organic,6
4870,236,Ad-Supported,Mobile,Telco-Bundle,7
4871,122,Ad-Supported,Mobile,Telco-Bundle,4
4872,25,Ad-Supported,Web,Organic,0
4873,227,Premium,Mobile,Telco-Bundle,7
4874,329,Premium,CTV,Telco-Bundle,10
4875,30,Premium,CTV,Organic,1
4876,87,Ad-Supported,CTV,Organic,2
4877,105,Premium,CTV,Paid-Social,3
4878,322,Premium,CTV,Organic,10
4879,202,Ad-Supported,CTV,Telco-Bundle,6
4880,214,Ad-Supported,Mobile,Paid-Social,7
4881,258,Ad-Supported,Mobile,Paid-Social,8
4882,111,Ad-Supported,CTV,Telco-Bundle,3
4883,285,Ad-Supported,Mobile,Organic,9
4884,13,Ad-Supported,Web,Telco-Bundle,0
4885,46,Ad-Supported,Mobile,Telco-Bundle,1
4886,326,Ad-Supported,Web,Organic,10
4887,263,Ad-Supported,Mobile,Paid-Social,8
4888,71,Premium,Web,Organic,2
4889,176,Ad-Supported,Mobile,Referral,5
4890,21,Ad-Supported,CTV,Paid-Social,0
4891,269,Premium,Mobile,Telco-Bundle,8
4892,302,Ad-Supported,CTV,Referral,10
4893,112,Ad-Supported,Mobile,Paid-Social,3
4894,140,Ad-Supported,Web,Telco-Bundle,4
4895,95,Ad-Supported,CTV,Paid-Social,3
4896,156,Ad-Supported,Tablet,Organic,5
4897,109,Ad-Supported,CTV,Referral,3
4898,99,Ad-Supported,CTV,Paid-Social,3
4899,172,Ad-Supported,Web,Telco-Bundle,5
4900,343,Premium,Mobile,Telco-Bundle,11
4901,305,Ad-Supported,CTV,Organic,10
4902,119,Ad-Supported,Mobile,Paid-Social,3
4903,377,Ad-Supported,CTV,Organic,12
4904,84,Premium,Mobile,Organic,2
4905,364,Premium,Mobile,Telco-Bundle,12
4906,124,Premium,CTV,Organic,4
4907,216,Ad-Supported,Mobile,Referral,7
4908,82,Ad-Supported,Mobile,Paid-Social,2
4909,305,Premium,Mobile,Paid-Social,10
4910,127,Ad-Supported,Web,Organic,4
4911,349,Premium,Mobile,Organic,11
4912,34,Ad-Supported,Mobile,Paid-Social,1
4913,201,Ad-Supported,Tablet,Organic,6
4914,64,Ad-Supported,Web,Telco-Bundle,2
4915,355,Ad-Supported,Mobile,Paid-Social,11
4916,167,Premium,CTV,Organic,5
4917,270,Ad-Supported,Mobile,Paid-Social,9
4918,351,Ad-Supported,Web,Organic,11
4919,214,Ad-Supported,Mobile,Organic,7
4920,23,Premium,Mobile,Telco-Bundle,0
4921,89,Ad-Supported,Mobile,Organic,2
4922,85,Premium,CTV,Organic,2
4923,365,Premium,Mobile,Paid-Social,12
4924,363,Ad-Supported,Web,Paid-Social,12
4925,191,Premium,Mobile,Referral,6
4926,356,Premium,CTV,Telco-Bundle,11
4927,99,Ad-Supported,Web,Telco-Bundle,3
4928,272,Ad-Supported,Mobile,Paid-Social,9
4929,157,Ad-Supported,Mobile,Paid-Social,5
4930,96,Premium,Mobile,Organic,3
4931,100,Ad-Supported,Web,Telco-Bundle,3
4932,168,Premium,Mobile,Paid-Social,5
4933,136,Ad-Supported,Web,Organic,4
4934,85,Ad-Supported,CTV,Telco-Bundle,2
4935,134,Ad-Supported,CTV,Telco-Bundle,4
4936,52,Premium,CTV,Paid-Social,1
4937,387,Ad-Supported,Mobile,Organic,12
4938,152,Premium,Mobile,Referral,5
4939,43,Ad-Supported,Web,Organic,1
4940,230,Ad-Supported,Mobile,Referral,7
4941,353,Ad-Supported,CTV,Paid-Social,11
4942,144,Premium,Tablet,Referral,4
4943,338,Ad-Supported,Mobile,Referral,11
4944,244,Premium,Mobile,Paid-Social,8
4945,295,Ad-Supported,Mobile,Telco-Bundle,9
4946,119,Premium,Mobile,Organic,3
4947,15,Ad-Supported,Tablet,Organic,0
4948,138,Ad-Supported,Tablet,Paid-Social,4
4949,369,Ad-Supported,Mobile,Telco-Bundle,12
4950,316,Ad-Supported,Tablet,Organic,10
4951,313,Ad-Supported,Mobile,Paid-Social,10
4952,351,Ad-Supported,Tablet,Referral,11
4953,149,Ad-Supported,Web,Telco-Bundle,4
4954,129,Premium,Mobile,Organic,4
4955,370,Ad-Supported,CTV,Paid-Social,12
4956,229,Premium,Web,Organic,7
4957,119,Ad-Supported,Mobile,Organic,3
4958,111,Ad-Supported,Mobile,Referral,3
4959,351,Ad-Supported,CTV,Referral,11
4960,22,Ad-Supported,Mobile,Organic,0
4961,25,Ad-Supported,Mobile,Organic,0
4962,295,Premium,Mobile,Paid-Social,9
4963,1,Premium,CTV,Paid-Social,0
4964,69,Ad-Supported,Mobile,Organic,2
4965,396,Ad-Supported,CTV,Organic,13
4966,170,Ad-Supported,Mobile,Paid-Social,5
4967,291,Ad-Supported,Mobile,Organic,9
4968,195,Ad-Supported,CTV,Telco-Bundle,6
4969,37,Ad-Supported,Mobile,Telco-Bundle,1
4970,74,Ad-Supported,CTV,Paid-Social,2
4971,304,Ad-Supported,Mobile,Paid-Social,10
4972,38,Premium,CTV,Telco-Bundle,1
4973,238,Ad-Supported,Mobile,Organic,7
4974,139,Ad-Supported,Web,Telco-Bundle,4
4975,148,Premium,Mobile,Organic,4
4976,380,Premium,Web,Referral,12
4977,242,Ad-Supported,Mobile,Organic,8
4978,246,Ad-Supported,Mobile,Telco-Bundle,8
4979,140,Premium,CTV,Organic,4
4980,153,Ad-Supported,Mobile,Telco-Bundle,5
4981,274,Ad-Supported,Mobile,Paid-Social,9
4982,16,Ad-Supported,Web,Organic,0
4983,95,Ad-Supported,Web,Telco-Bundle,3
4984,240,Premium,CTV,Organic,8
4985,249,Premium,Tablet,Paid-Social,8
4986,37,Premium,Mobile,Organic,1
4987,315,Premium,Mobile,Telco-Bundle,10
4988,217,Ad-Supported,Web,Telco-Bundle,7
4989,95,Premium,Mobile,Paid-Social,3
4990,301,Premium,Mobile,Telco-Bundle,10
4991,396,Ad-Supported,Mobile,Referral,13
4992,170,Ad-Supported,Mobile,Telco-Bundle,5
4993,114,Ad-Supported,Mobile,Organic,3
4994,120,Ad-Supported,Mobile,Paid-Social,4
4995,237,Ad-Supported,CTV,Organic,7
4996,19,Ad-Supported,Web,Paid-Social,0
4997,193,Ad-Supported,Tablet,Organic,6
4998,10,Ad-Supported,Mobile,Telco-Bundle,0
4999,16,Ad-Supported,Mobile,Telco-Bundle,0
5000,172,Ad-Supported,CTV,Telco-Bundle,5
5001,298,Ad-Supported,Mobile,Organic,9
5002,353,Premium,Mobile,Organic,11
5003,35,Ad-Supported,CTV,Telco-Bundle,1
5004,98,Ad-Supported,Web,Paid-Social,3
5005,169,Ad-Supported,Mobile,Referral,5
5006,230,Premium,CTV,Paid-Social,7
5007,394,Premium,CTV,Organic,13
5008,274,Ad-Supported,Web,Telco-Bundle,9
5009,215,Ad-Supported,Mobile,Telco-Bundle,7
5010,25,Premium,Web,Organic,0
5011,33,Premium,Web,Telco-Bundle,1
5012,62,Ad-Supported,Mobile,Organic,2
5013,264,Ad-Supported,CTV,Organic,8
5014,133,Ad-Supported,CTV,Organic,4
5015,97,Ad-Supported,Mobile,Telco-Bundle,3
5016,268,Premium,Mobile,Telco-Bundle,8
5017,326,Premium,Mobile,Organic,10
5018,176,Premium,Web,Telco-Bundle,5
5019,352,Premium,Mobile,Telco-Bundle,11
5020,293,Ad-Supported,CTV,Paid-Social,9
5021,286,Premium,Mobile,Organic,9
5022,347,Ad-Supported,CTV,Organic,11
5023,74,Ad-Supported,CTV,Organic,2
5024,303,Premium,CTV,Referral,10
5025,383,Ad-Supported,CTV,Telco-Bundle,12
5026,396,Premium,Mobile,Organic,13
5027,231,Premium,Mobile,Paid-Social,7
5028,301,Premium,CTV,Organic,10
5029,355,Premium,Mobile,Organic,11
5030,341,Ad-Supported,Web,Organic,11
5031,359,Ad-Supported,CTV,Organic,11
5032,333,Premium,Web,Organic,11
5033,153,Ad-Supported,Mobile,Organic,5
5034,292,Premium,CTV,Paid-Social,9
5035,164,Ad-Supported,Mobile,Paid-Social,5
5036,320,Ad-Supported,Web,Paid-Social,10
5037,324,Ad-Supported,CTV,Paid-Social,10
5038,373,Premium,CTV,Paid-Social,12
5039,235,Premium,CTV,Paid-Social,7
5040,190,Premium,Mobile,Referral,6
5041,67,Ad-Supported,CTV,Organic,2
5042,255,Ad-Supported,Web,Paid-Social,8
5043,226,Ad-Supported,Mobile,Organic,7
5044,206,Ad-Supported,Tablet,Paid-Social,6
5045,270,Ad-Supported,Web,Paid-Social,9
5046,340,Ad-Supported,Tablet,Telco-Bundle,11
5047,60,Ad-Supported,Web,Referral,2
5048,173,Ad-Supported,Mobile,Paid-Social,5
5049,289,Premium,CTV,Organic,9
5050,328,Premium,Mobile,Telco-Bundle,10
5051,311,Ad-Supported,Web,Organic,10
5052,319,Ad-Supported,Mobile,Paid-Social,10
5053,342,Premium,Web,Telco-Bundle,11
5054,384,Premium,Mobile,Paid-Social,12
5055,243,Premium,Mobile,Paid-Social,8
5056,100,Ad-Supported,Mobile,Organic,3
5057,225,Ad-Supported,CTV,Organic,7
5058,284,Premium,Mobile,Referral,9
5059,41,Ad-Supported,Mobile,Organic,1
5060,303,Ad-Supported,Mobile,Organic,10
5061,218,Premium,Mobile,Paid-Social,7
5062,374,Ad-Supported,Tablet,Paid-Social,12
5063,85,Premium,Mobile,Organic,2
5064,362,Premium,Mobile,Organic,12
5065,179,Ad-Supported,Mobile,Paid-Social,5
5066,229,Premium,Mobile,Paid-Social,7
5067,264,Ad-Supported,Mobile,Telco-Bundle,8
5068,232,Premium,Mobile,Organic,7
5069,361,Premium,Mobile,Referral,12
5070,67,Premium,Mobile,Organic,2
5071,292,Ad-Supported,Mobile,Organic,9
5072,390,Premium,Web,Referral,13
5073,88,Premium,Mobile,Telco-Bundle,2
5074,102,Premium,CTV,Organic,3
5075,190,Ad-Supported,CTV,Paid-Social,6
5076,290,Ad-Supported,Web,Telco-Bundle,9
5077,383,Premium,Mobile,Organic,12
5078,318,Ad-Supported,Web,Organic,10
5079,317,Ad-Supported,Web,Paid-Social,10
5080,177,Premium,Tablet,Telco-Bundle,5
5081,258,Premium,Web,Paid-Social,8
5082,85,Premium,Mobile,Paid-Social,2
5083,185,Ad-Supported,Tablet,Referral,6
5084,76,Ad-Supported,Web,Organic,2
5085,11,Ad-Supported,Mobile,Telco-Bundle,0
5086,342,Ad-Supported,Mobile,Organic,11
5087,322,Premium,Tablet,Telco-Bundle,10
5088,204,Ad-Supported,Mobile,Paid-Social,6
5089,6,Ad-Supported,Web,Organic,0
5090,36,Ad-Supported,Mobile,Paid-Social,1
5091,45,Ad-Supported,CTV,Telco-Bundle,1
5092,287,Premium,Mobile,Paid-Social,9
5093,82,Premium,CTV,Organic,2
5094,100,Ad-Supported,CTV,Organic,3
5095,344,Ad-Supported,Web,Telco-Bundle,11
5096,350,Ad-Supported,Mobile,Telco-Bundle,11
5097,305,Ad-Supported,Mobile,Paid-Social,10
5098,124,Premium,Mobile,Organic,4
5099,232,Premium,Mobile,Telco-Bundle,7
5100,80,Ad-Supported,Tablet,Organic,2
5101,343,Premium,Mobile,Organic,11
5102,34,Ad-Supported,Mobile,Paid-Social,1
5103,298,Ad-Supported,Web,Paid-Social,9
5104,205,Ad-Supported,Mobile,Referral,6
5105,303,Ad-Supported,Mobile,Paid-Social,10
5106,180,Ad-Supported,CTV,Organic,6
5107,64,Premium,Mobile,Telco-Bundle,2
5108,300,Premium,Web,Organic,10
5109,252,Ad-Supported,CTV,Referral,8
5110,186,Premium,Mobile,Organic,6
5111,149,Ad-Supported,CTV,Referral,4
5112,138,Ad-Supported,Web,Telco-Bundle,4
5113,192,Ad-Supported,Mobile,Telco-Bundle,6
5114,105,Ad-Supported,CTV,Organic,3
5115,113,Ad-Supported,Mobile,Telco-Bundle,3
5116,111,Premium,CTV,Telco-Bundle,3
5117,6,Premium,CTV,Organic,0
5118,371,Ad-Supported,Mobile,Paid-Social,12
5119,95,Premium,Mobile,Telco-Bundle,3
5120,66,Ad-Supported,Mobile,Referral,2
5121,61,Premium,CTV,Telco-Bundle,2
5122,395,Ad-Supported,CTV,Paid-Social,13
5123,191,Ad-Supported,Mobile,Telco-Bundle,6
5124,131,Premium,Mobile,Organic,4
5125,162,Ad-Supported,Web,Paid-Social,5
5126,36,Ad-Supported,Mobile,Telco-Bundle,1
5127,126,Ad-Supported,Mobile,Telco-Bundle,4
5128,100,Ad-Supported,Mobile,Telco-Bundle,3
5129,321,Ad-Supported,CTV,Paid-Social,10
5130,24,Ad-Supported,Mobile,Paid-Social,0
5131,170,Premium,Web,Telco-Bundle,5
5132,316,Ad-Supported,CTV,Organic,10
5133,333,Ad-Supported,Mobile,Referral,11
5134,205,Ad-Supported,CTV,Referral,6
5135,89,Premium,Mobile,Telco-Bundle,2
5136,135,Premium,Mobile,Telco-Bundle,4
5137,89,Ad-Supported,CTV,Paid-Social,2
5138,265,Ad-Supported,Mobile,Paid-Social,8
5139,117,Ad-Supported,Web,Telco-Bundle,3
5140,252,Ad-Supported,CTV,Organic,8
5141,262,Ad-Supported,Mobile,Telco-Bundle,8
5142,376,Ad-Supported,Tablet,Organic,12
5143,148,Premium,CTV,Telco-Bundle,4
5144,384,Ad-Supported,Mobile,Paid-Social,12
5145,160,Premium,CTV,Telco-Bundle,5
5146,272,Ad-Supported,Tablet,Paid-Social,9
5147,264,Ad-Supported,Mobile,Telco-Bundle,8
5148,327,Premium,Mobile,Referral,10
5149,188,Premium,Mobile,Paid-Social,6
5150,317,Ad-Supported,Mobile,Organic,10
5151,142,Premium,Mobile,Organic,4
5152,197,Ad-Supported,CTV,Paid-Social,6
5153,200,Ad-Supported,Web,Telco-Bundle,6
5154,282,Premium,CTV,Telco-Bundle,9
5155,247,Premium,Mobile,Organic,8
5156,32,Ad-Supported,Mobile,Organic,1
5157,323,Premium,Mobile,Telco-Bundle,10
5158,303,Premium,Mobile,Telco-Bundle,10
5159,42,Ad-Supported,CTV,Organic,1
5160,384,Ad-Supported,Mobile,Organic,12
5161,264,Ad-Supported,Web,Organic,8
5162,34,Ad-Supported,Mobile,Telco-Bundle,1
5163,197,Premium,CTV,Telco-Bundle,6
5164,334,Ad-Supported,Web,Telco-Bundle,11
5165,112,Premium,CTV,Telco-Bundle,3
5166,373,Ad-Supported,Web,Telco-Bundle,12
5167,167,Premium,Web,Organic,5
5168,91,Premium,CTV,Organic,3
5169,143,Premium,Mobile,Paid-Social,4
5170,210,Premium,Mobile,Referral,7
5171,275,Premium,Web,Paid-Social,9
5172,371,Ad-Supported,Mobile,Paid-Social,12
5173,78,Premium,Tablet,Telco-Bundle,2
5174,384,Premium,Mobile,Organic,12
5175,211,Ad-Supported,CTV,Paid-Social,7
5176,52,Ad-Supported,Mobile,Telco-Bundle,1
5177,370,Premium,Tablet,Referral,12
5178,140,Ad-Supported,Mobile,Organic,4
5179,248,Ad-Supported,Mobile,Paid-Social,8
5180,279,Ad-Supported,Web,Referral,9
5181,6,Ad-Supported,Mobile,Telco-Bundle,0
5182,89,Ad-Supported,Mobile,Telco-Bundle,2
5183,274,Ad-Supported,Web,Organic,9
5184,130,Premium,Web,Organic,4
5185,4,Ad-Supported,Mobile,Paid-Social,0
5186,10,Ad-Supported,CTV,Organic,0
5187,330,Premium,Mobile,Telco-Bundle,11
5188,62,Premium,Mobile,Telco-Bundle,2
5189,41,Ad-Supported,CTV,Telco-Bundle,1
5190,225,Ad-Supported,Mobile,Organic,7
5191,48,Premium,Mobile,Organic,1
5192,261,Premium,Mobile,Telco-Bundle,8
5193,218,Ad-Supported,Web,Organic,7
5194,259,Ad-Supported,CTV,Organic,8
5195,197,Premium,Mobile,Paid-Social,6
5196,311,Premium,Web,Organic,10
5197,258,Ad-Supported,Web,Organic,8
5198,166,Premium,Mobile,Organic,5
5199,7,Premium,Tablet,Telco-Bundle,0
5200,110,Premium,Mobile,Organic,3
5201,53,Premium,Mobile,Paid-Social,1
5202,7,Premium,Mobile,Paid-Social,0
5203,109,Ad-Supported,Mobile,Paid-Social,3
5204,83,Ad-Supported,CTV,Paid-Social,2
5205,31,Premium,CTV,Organic,1
5206,125,Ad-Supported,Web,Organic,4
5207,203,Ad-Supported,Mobile,Paid-Social,6
5208,72,Ad-Supported,Mobile,Referral,2
5209,109,Premium,Mobile,Paid-Social,3
5210,9,Premium,Mobile,Paid-Social,0
5211,21,Ad-Supported,Tablet,Referral,0
5212,63,Ad-Supported,CTV,Telco-Bundle,2
5213,181,Ad-Supported,Web,Telco-Bundle,6
5214,266,Premium,CTV,Paid-Social,8
5215,315,Premium,Mobile,Telco-Bundle,10
5216,252,Ad-Supported,Mobile,Paid-Social,8
5217,247,Ad-Supported,Mobile,Telco-Bundle,8
5218,374,Premium,Web,Telco-Bundle,12
5219,103,Ad-Supported,Mobile,Paid-Social,3
5220,319,Premium,Mobile,Referral,10
5221,374,Ad-Supported,CTV,Referral,12
5222,227,Ad-Supported,Mobile,Paid-Social,7
5223,336,Ad-Supported,CTV,Organic,11
5224,55,Ad-Supported,Mobile,Telco-Bundle,1
5225,351,Ad-Supported,CTV,Organic,11
5226,226,Premium,Mobile,Paid-Social,7
5227,89,Ad-Supported,Web,Organic,2
5228,25,Ad-Supported,CTV,Telco-Bundle,0
5229,288,Premium,Mobile,Referral,9
5230,172,Premium,Web,Organic,5
5231,124,Ad-Supported,Web,Telco-Bundle,4
5232,156,Ad-Supported,CTV,Telco-Bundle,5
5233,396,Ad-Supported,Web,Organic,13
5234,171,Ad-Supported,Web,Organic,5
5235,32,Premium,Mobile,Paid-Social,1
5236,112,Ad-Supported,Mobile,Telco-Bundle,3
5237,59,Ad-Supported,Mobile,Paid-Social,1
5238,274,Premium,CTV,Organic,9
5239,320,Ad-Supported,Tablet,Organic,10
5240,336,Ad-Supported,CTV,Paid-Social,11
5241,253,Ad-Supported,Mobile,Organic,8
5242,307,Premium,Tablet,Telco-Bundle,10
5243,167,Premium,CTV,Organic,5
5244,251,Ad-Supported,Mobile,Telco-Bundle,8
5245,43,Premium,Web,Telco-Bundle,1
5246,215,Ad-Supported,Mobile,Telco-Bundle,7
5247,223,Ad-Supported,CTV,Organic,7
5248,13,Ad-Supported,Mobile,Telco-Bundle,0
5249,219,Ad-Supported,Web,Telco-Bundle,7
5250,289,Ad-Supported,Mobile,Paid-Social,9
5251,147,Premium,Mobile,Organic,4
5252,218,Ad-Supported,CTV,Organic,7
5253,115,Premium,Web,Telco-Bundle,3
5254,109,Premium,Mobile,Paid-Social,3
5255,52,Ad-Supported,Mobile,Referral,1
5256,131,Ad-Supported,Tablet,Telco-Bundle,4
5257,321,Ad-Supported,Web,Telco-Bundle,10
5258,374,Ad-Supported,Mobile,Referral,12
5259,254,Ad-Supported,Mobile,Telco-Bundle,8
5260,250,Premium,Mobile,Organic,8
5261,245,Premium,CTV,Organic,8
5262,190,Ad-Supported,CTV,Telco-Bundle,6
5263,169,Ad-Supported,Web,Paid-Social,5
5264,248,Ad-Supported,Mobile,Referral,8
5265,313,Premium,Web,Organic,10
5266,166,Ad-Supported,Mobile,Organic,5
5267,226,Ad-Supported,Web,Telco-Bundle,7
5268,188,Premium,Mobile,Telco-Bundle,6
5269,114,Ad-Supported,Mobile,Telco-Bundle,3
5270,116,Ad-Supported,Mobile,Organic,3
5271,32,Premium,Mobile,Paid-Social,1
5272,176,Ad-Supported,Mobile,Telco-Bundle,5
5273,285,Ad-Supported,CTV,Referral,9
5274,274,Ad-Supported,Web,Organic,9
5275,394,Ad-Supported,CTV,Telco-Bundle,13
5276,16,Premium,CTV,Organic,0
5277,304,Ad-Supported,Mobile,Telco-Bundle,10
5278,318,Premium,Web,Organic,10
5279,175,Ad-Supported,Mobile,Referral,5
5280,113,Premium,Mobile,Organic,3
5281,143,Premium,Mobile,Telco-Bundle,4
5282,273,Ad-Supported,Mobile,Telco-Bundle,9
5283,345,Premium,CTV,Organic,11
5284,257,Premium,Mobile,Organic,8
5285,206,Premium,Mobile,Paid-Social,6
5286,261,Ad-Supported,Web,Telco-Bundle,8
5287,29,Premium,Mobile,Telco-Bundle,0
5288,243,Ad-Supported,CTV,Paid-Social,8
5289,17,Premium,Mobile,Organic,0
5290,383,Premium,Web,Referral,12
5291,355,Ad-Supported,CTV,Organic,11
5292,203,Premium,Mobile,Paid-Social,6
5293,150,Premium,Web,Referral,5
5294,293,Ad-Supported,Mobile,Referral,9
5295,255,Ad-Supported,Mobile,Organic,8
5296,282,Ad-Supported,CTV,Organic,9
5297,206,Ad-Supported,CTV,Telco-Bundle,6
5298,95,Ad-Supported,Mobile,Organic,3
5299,30,Premium,Mobile,Telco-Bundle,1
5300,114,Ad-Supported,Mobile,Paid-Social,3
5301,212,Premium,CTV,Organic,7
5302,170,Premium,Tablet,Paid-Social,5
5303,203,Premium,Mobile,Telco-Bundle,6
5304,111,Ad-Supported,Tablet,Telco-Bundle,3
5305,375,Ad-Supported,Mobile,Paid-Social,12
5306,147,Premium,Web,Organic,4
5307,338,Ad-Supported,Web,Paid-Social,11
5308,156,Ad-Supported,CTV,Telco-Bundle,5
5309,177,Premium,Mobile,Telco-Bundle,5
5310,241,Ad-Supported,Mobile,Telco-Bundle,8
5311,105,Ad-Supported,Mobile,Referral,3
5312,88,Ad-Supported,CTV,Paid-Social,2
5313,152,Ad-Supported,Tablet,Telco-Bundle,5
5314,321,Premium,Mobile,Organic,10
5315,58,Ad-Supported,Mobile,Paid-Social,1
5316,175,Premium,Mobile,Paid-Social,5
5317,269,Premium,CTV,Telco-Bundle,8
5318,282,Ad-Supported,CTV,Telco-Bundle,9
5319,174,Ad-Supported,Mobile,Organic,5
5320,33,Ad-Supported,Web,Telco-Bundle,1
5321,7,Premium,Mobile,Telco-Bundle,0
5322,188,Premium,CTV,Referral,6
5323,324,Ad-Supported,Mobile,Paid-Social,10
5324,12,Ad-Supported,Mobile,Referral,0
5325,355,Ad-Supported,CTV,Telco-Bundle,11
5326,270,Ad-Supported,CTV,Telco-Bundle,9
5327,4,Ad-Supported,Mobile,Paid-Social,0
5328,138,Ad-Supported,Web,Telco-Bundle,4
5329,88,Premium,CTV,Telco-Bundle,2
5330,379,Ad-Supported,Mobile,Paid-Social,12
5331,222,Ad-Supported,Tablet,Referral,7
5332,130,Premium,Tablet,Organic,4
5333,111,Premium,Mobile,Telco-Bundle,3
5334,225,Ad-Supported,Tablet,Organic,7
5335,3,Premium,Web,Paid-Social,0
5336,103,Ad-Supported,Mobile,Organic,3
5337,66,Premium,CTV,Organic,2
5338,248,Ad-Supported,Mobile,Paid-Social,8
5339,268,Premium,CTV,Organic,8
5340,187,Ad-Supported,Tablet,Organic,6
5341,56,Premium,Mobile,Telco-Bundle,1
5342,148,Premium,CTV,Organic,4
5343,337,Ad-Supported,Mobile,Organic,11
5344,82,Ad-Supported,CTV,Organic,2
5345,66,Ad-Supported,Web,Organic,2
5346,45,Ad-Supported,Mobile,Organic,1
5347,326,Premium,CTV,Referral,10
5348,48,Premium,Mobile,Paid-Social,1
5349,233,Ad-Supported,CTV,Paid-Social,7
5350,399,Ad-Supported,CTV,Paid-Social,13
5351,257,Premium,CTV,Organic,8
5352,165,Ad-Supported,Mobile,Telco-Bundle,5
5353,83,Premium,CTV,Referral,2
5354,1,Ad-Supported,CTV,Organic,0
5355,63,Ad-Supported,CTV,Organic,2
5356,381,Ad-Supported,CTV,Telco-Bundle,12
5357,58,Ad-Supported,Web,Organic,1
5358,8,Premium,Mobile,Organic,0
5359,326,Ad-Supported,Mobile,Telco-Bundle,10
5360,168,Premium,Tablet,Telco-Bundle,5
5361,143,Premium,Mobile,Organic,4
5362,287,Ad-Supported,Web,Telco-Bundle,9
5363,209,Ad-Supported,CTV,Organic,6
5364,365,Premium,Web,Organic,12
5365,187,Premium,CTV,Telco-Bundle,6
5366,285,Ad-Supported,Web,Telco-Bundle,9
5367,351,Ad-Supported,CTV,Telco-Bundle,11
5368,185,Premium,CTV,Telco-Bundle,6
5369,114,Ad-Supported,Mobile,Telco-Bundle,3
5370,389,Premium,Mobile,Telco-Bundle,12
5371,91,Ad-Supported,Mobile,Paid-Social,3
5372,16,Premium,Tablet,Paid-Social,0
5373,231,Ad-Supported,Mobile,Telco-Bundle,7
5374,394,Premium,Web,Organic,13
5375,35,Ad-Supported,CTV,Telco-Bundle,1
5376,339,Ad-Supported,Mobile,Organic,11
5377,332,Ad-Supported,Tablet,Paid-Social,11
5378,371,Premium,Mobile,Telco-Bundle,12
5379,169,Ad-Supported,CTV,Telco-Bundle,5
5380,102,Ad-Supported,Mobile,Organic,3
5381,205,Premium,Mobile,Paid-Social,6
5382,57,Ad-Supported,Mobile,Telco-Bundle,1
5383,337,Ad-Supported,CTV,Referral,11
5384,265,Premium,Mobile,Paid-Social,8
5385,193,Premium,Web,Organic,6
5386,206,Premium,CTV,Paid-Social,6
5387,285,Ad-Supported,Mobile,Paid-Social,9
5388,209,Ad-Supported,Mobile,Organic,6
5389,336,Premium,Mobile,Telco-Bundle,11
5390,369,Ad-Supported,Web,Paid-Social,12
5391,379,Premium,CTV,Paid-Social,12
5392,248,Ad-Supported,Mobile,Paid-Social,8
5393,297,Premium,CTV,Organic,9
5394,125,Premium,Mobile,Paid-Social,4
5395,16,Ad-Supported,CTV,Paid-Social,0
5396,160,Ad-Supported,Mobile,Organic,5
5397,348,Ad-Supported,Mobile,Telco-Bundle,11
5398,54,Ad-Supported,Mobile,Paid-Social,1
5399,218,Premium,CTV,Paid-Social,7
5400,77,Ad-Supported,CTV,Telco-Bundle,2
5401,172,Ad-Supported,Mobile,Paid-Social,5
5402,58,Ad-Supported,Mobile,Paid-Social,1
5403,294,Premium,CTV,Telco-Bundle,9
5404,324,Ad-Supported,Mobile,Paid-Social,10
5405,303,Ad-Supported,CTV,Paid-Social,10
5406,282,Premium,Mobile,Telco-Bundle,9
5407,94,Ad-Supported,Mobile,Paid-Social,3
5408,212,Ad-Supported,CTV,Referral,7
5409,42,Premium,Mobile,Paid-Social,1
5410,150,Ad-Supported,CTV,Paid-Social,5
5411,202,Premium,Mobile,Organic,6
5412,267,Premium,Mobile,Organic,8
5413,39,Premium,CTV,Paid-Social,1
5414,325,Ad-Supported,Mobile,Organic,10
5415,184,Ad-Supported,CTV,Paid-Social,6
5416,352,Ad-Supported,Web,Organic,11
5417,211,Ad-Supported,Tablet,Organic,7
5418,219,Ad-Supported,Mobile,Paid-Social,7
5419,277,Ad-Supported,Mobile,Telco-Bundle,9
5420,328,Premium,Mobile,Organic,10
5421,63,Ad-Supported,Web,Telco-Bundle,2
5422,205,Premium,Mobile,Organic,6
5423,12,Premium,Mobile,Organic,0
5424,190,Premium,CTV,Referral,6
5425,325,Premium,Mobile,Referral,10
5426,346,Premium,CTV,Paid-Social,11
5427,114,Ad-Supported,Mobile,Paid-Social,3
5428,155,Ad-Supported,CTV,Telco-Bundle,5
5429,221,Premium,CTV,Paid-Social,7
5430,158,Premium,Mobile,Organic,5
5431,72,Premium,CTV,Organic,2
5432,122,Premium,CTV,Organic,4
5433,162,Ad-Supported,Mobile,Telco-Bundle,5
5434,207,Ad-Supported,Web,Telco-Bundle,6
5435,368,Premium,Web,Organic,12
5436,218,Ad-Supported,Web,Organic,7
5437,155,Ad-Supported,CTV,Organic,5
5438,264,Premium,Mobile,Telco-Bundle,8
5439,309,Ad-Supported,Mobile,Telco-Bundle,10
5440,172,Ad-Supported,Mobile,Paid-Social,5
5441,196,Premium,Mobile,Telco-Bundle,6
5442,87,Ad-Supported,Mobile,Organic,2
5443,346,Premium,Mobile,Paid-Social,11
5444,346,Ad-Supported,Mobile,Paid-Social,11
5445,70,Premium,Web,Organic,2
5446,139,Ad-Supported,Mobile,Paid-Social,4
5447,109,Ad-Supported,CTV,Telco-Bundle,3
5448,369,Ad-Supported,Web,Organic,12
5449,27,Ad-Supported,CTV,Paid-Social,0
5450,83,Ad-Supported,Mobile,Telco-Bundle,2
5451,126,Premium,CTV,Telco-Bundle,4
5452,224,Premium,Web,Paid-Social,7
5453,100,Ad-Supported,Web,Organic,3
5454,215,Premium,Mobile,Telco-Bundle,7
5455,299,Premium,Mobile,Organic,9
5456,331,Premium,CTV,Organic,11
5457,40,Ad-Supported,Mobile,Organic,1
5458,56,Ad-Supported,Web,Paid-Social,1
5459,38,Premium,CTV,Telco-Bundle,1
5460,364,Ad-Supported,Web,Telco-Bundle,12
5461,261,Ad-Supported,Tablet,Paid-Social,8
5462,213,Premium,CTV,Referral,7
5463,316,Ad-Supported,Web,Paid-Social,10
5464,234,Premium,CTV,Telco-Bundle,7
5465,94,Ad-Supported,Mobile,Organic,3
5466,204,Premium,Web,Organic,6
5467,281,Premium,CTV,Paid-Social,9
5468,15,Premium,Tablet,Telco-Bundle,0
5469,242,Premium,Mobile,Organic,8
5470,199,Premium,Mobile,Paid-Social,6
5471,28,Ad-Supported,Web,Paid-Social,0
5472,106,Premium,Mobile,Paid-Social,3
5473,179,Premium,CTV,Organic,5
5474,137,Ad-Supported,CTV,Organic,4
5475,116,Ad-Supported,Mobile,Organic,3
5476,259,Ad-Supported,Mobile,Telco-Bundle,8
5477,162,Ad-Supported,Web,Telco-Bundle,5
5478,199,Premium,Mobile,Organic,6
5479,319,Ad-Supported,CTV,Organic,10
5480,38,Ad-Supported,CTV,Paid-Social,1
5481,144,Ad-Supported,CTV,Organic,4
5482,30,Ad-Supported,Mobile,Telco-Bundle,1
5483,371,Premium,Mobile,Paid-Social,12
5484,75,Ad-Supported,Web,Telco-Bundle,2
5485,328,Ad-Supported,Mobile,Organic,10
5486,77,Ad-Supported,Mobile,Referral,2
5487,130,Premium,Tablet,Telco-Bundle,4
5488,243,Premium,Mobile,Telco-Bundle,8
5489,332,Ad-Supported,Mobile,Referral,11
5490,71,Ad-Supported,Tablet,Paid-Social,2
5491,86,Ad-Supported,Mobile,Organic,2
5492,352,Ad-Supported,Mobile,Paid-Social,11
5493,129,Premium,Mobile,Telco-Bundle,4
5494,84,Ad-Supported,Web,Telco-Bundle,2
5495,297,Ad-Supported,Web,Paid-Social,9
5496,37,Ad-Supported,Web,Telco-Bundle,1
5497,346,Ad-Supported,Tablet,Organic,11
5498,350,Ad-Supported,Mobile,Organic,11
5499,342,Ad-Supported,CTV,Paid-Social,11
5500,118,Ad-Supported,Mobile,Paid-Social,3
5501,46,Ad-Supported,Web,Organic,1
5502,170,Ad-Supported,Tablet,Telco-Bundle,5
5503,134,Premium,Mobile,Paid-Social,4
5504,383,Ad-Supported,Web,Paid-Social,12
5505,253,Ad-Supported,CTV,Organic,8
5506,377,Ad-Supported,Mobile,Organic,12
5507,300,Premium,CTV,Telco-Bundle,10
5508,286,Premium,Tablet,Telco-Bundle,9
5509,45,Premium,Mobile,Organic,1
5510,28,Ad-Supported,Mobile,Telco-Bundle,0
5511,19,Premium,Tablet,Telco-Bundle,0
5512,237,Ad-Supported,Mobile,Telco-Bundle,7
5513,81,Premium,Mobile,Paid-Social,2
5514,395,Premium,CTV,Paid-Social,13
5515,53,Ad-Supported,CTV,Telco-Bundle,1
5516,378,Ad-Supported,Mobile,Paid-Social,12
5517,267,Ad-Supported,Mobile,Organic,8
5518,43,Ad-Supported,Web,Paid-Social,1
5519,24,Premium,Mobile,Paid-Social,0
5520,158,Ad-Supported,CTV,Paid-Social,5
5521,136,Premium,Web,Telco-Bundle,4
5522,126,Premium,Mobile,Paid-Social,4
5523,211,Ad-Supported,Web,Organic,7
5524,52,Ad-Supported,Web,Referral,1
5525,52,Ad-Supported,Tablet,Organic,1
5526,278,Premium,Mobile,Organic,9
5527,396,Ad-Supported,Mobile,Telco-Bundle,13
5528,110,Ad-Supported,CTV,Referral,3
5529,372,Ad-Supported,Web,Telco-Bundle,12
5530,138,Premium,Tablet,Paid-Social,4
5531,135,Ad-Supported,Mobile,Paid-Social,4
5532,37,Ad-Supported,CTV,Telco-Bundle,1
5533,169,Premium,Mobile,Telco-Bundle,5
5534,199,Ad-Supported,CTV,Organic,6
5535,265,Ad-Supported,Web,Telco-Bundle,8
5536,64,Ad-Supported,Web,Telco-Bundle,2
5537,76,Ad-Supported,Mobile,Organic,2
5538,173,Ad-Supported,Tablet,Organic,5
5539,28,Premium,Mobile,Organic,0
5540,58,Premium,Mobile,Referral,1
5541,252,Ad-Supported,CTV,Paid-Social,8
5542,381,Ad-Supported,CTV,Telco-Bundle,12
5543,229,Ad-Supported,Web,Organic,7
5544,58,Premium,CTV,Telco-Bundle,1
5545,396,Premium,Mobile,Paid-Social,13
5546,209,Premium,Mobile,Referral,6
5547,287,Premium,CTV,Paid-Social,9
5548,79,Premium,CTV,Telco-Bundle,2
5549,231,Premium,CTV,Telco-Bundle,7
5550,31,Ad-Supported,Mobile,Paid-Social,1
5551,250,Premium,Mobile,Referral,8
5552,81,Premium,Web,Paid-Social,2
5553,363,Ad-Supported,Mobile,Telco-Bundle,12
5554,22,Ad-Supported,CTV,Organic,0
5555,261,Ad-Supported,Mobile,Telco-Bundle,8
5556,56,Ad-Supported,Mobile,Referral,1
5557,275,Premium,Mobile,Telco-Bundle,9
5558,197,Ad-Supported,Mobile,Paid-Social,6
5559,387,Ad-Supported,CTV,Paid-Social,12
5560,261,Ad-Supported,Mobile,Telco-Bundle,8
5561,149,Premium,Mobile,Organic,4
5562,35,Ad-Supported,Tablet,Referral,1
5563,238,Premium,Mobile,Organic,7
5564,176,Ad-Supported,CTV,Organic,5
5565,21,Ad-Supported,Mobile,Telco-Bundle,0
5566,232,Ad-Supported,Mobile,Paid-Social,7
5567,84,Ad-Supported,Mobile,Paid-Social,2
5568,94,Premium,Web,Organic,3
5569,4,Premium,Mobile,Referral,0
5570,149,Ad-Supported,CTV,Paid-Social,4
5571,88,Ad-Supported,Tablet,Referral,2
5572,29,Premium,Mobile,Organic,0
5573,174,Premium,CTV,Paid-Social,5
5574,88,Ad-Supported,Mobile,Organic,2
5575,54,Premium,Mobile,Paid-Social,1
5576,187,Ad-Supported,Web,Organic,6
5577,26,Ad-Supported,Mobile,Organic,0
5578,396,Premium,Tablet,Paid-Social,13
5579,188,Premium,CTV,Telco-Bundle,6
5580,398,Premium,Mobile,Paid-Social,13
5581,352,Ad-Supported,Mobile,Paid-Social,11
5582,391,Ad-Supported,CTV,Paid-Social,13
5583,217,Premium,Mobile,Paid-Social,7
5584,169,Ad-Supported,Mobile,Telco-Bundle,5
5585,288,Ad-Supported,Mobile,Telco-Bundle,9
5586,33,Premium,Mobile,Telco-Bundle,1
5587,336,Ad-Supported,Tablet,Organic,11
5588,130,Ad-Supported,Mobile,Paid-Social,4
5589,3,Ad-Supported,Mobile,Telco-Bundle,0
5590,95,Premium,Web,Referral,3
5591,97,Ad-Supported,CTV,Paid-Social,3
5592,6,Ad-Supported,Web,Paid-Social,0
5593,267,Ad-Supported,Tablet,Telco-Bundle,8
5594,38,Ad-Supported,Mobile,Referral,1
5595,338,Ad-Supported,Mobile,Paid-Social,11
5596,181,Ad-Supported,CTV,Organic,6
5597,287,Ad-Supported,Mobile,Telco-Bundle,9
5598,136,Ad-Supported,CTV,Telco-Bundle,4
5599,53,Ad-Supported,Mobile,Organic,1
5600,72,Ad-Supported,Web,Organic,2
5601,258,Ad-Supported,CTV,Paid-Social,8
5602,286,Ad-Supported,CTV,Telco-Bundle,9
5603,107,Premium,Mobile,Telco-Bundle,3
5604,143,Premium,Tablet,Organic,4
5605,378,Ad-Supported,CTV,Organic,12
5606,340,Premium,Web,Telco-Bundle,11
5607,165,Premium,Web,Organic,5
5608,97,Ad-Supported,Mobile,Paid-Social,3
5609,121,Ad-Supported,Mobile,Paid-Social,4
5610,215,Premium,Mobile,Organic,7
5611,227,Ad-Supported,CTV,Telco-Bundle,7
5612,74,Ad-Supported,CTV,Organic,2
5613,27,Premium,Mobile,Telco-Bundle,0
5614,198,Ad-Supported,Tablet,Telco-Bundle,6
5615,319,Premium,Mobile,Paid-Social,10
5616,61,Ad-Supported,Web,Telco-Bundle,2
5617,163,Ad-Supported,Mobile,Organic,5
5618,65,Ad-Supported,Mobile,Telco-Bundle,2
5619,97,Ad-Supported,Mobile,Organic,3
5620,245,Premium,CTV,Referral,8
5621,115,Premium,Web,Organic,3
5622,106,Premium,Mobile,Paid-Social,3
5623,398,Ad-Supported,CTV,Organic,13
5624,69,Ad-Supported,CTV,Paid-Social,2
5625,76,Ad-Supported,Mobile,Organic,2
5626,371,Ad-Supported,CTV,Organic,12
5627,220,Premium,Mobile,Organic,7
5628,18,Ad-Supported,Web,Organic,0
5629,170,Ad-Supported,CTV,Telco-Bundle,5
5630,226,Ad-Supported,Mobile,Paid-Social,7
5631,102,Premium,Web,Organic,3
5632,219,Ad-Supported,Mobile,Referral,7
5633,259,Premium,Tablet,Telco-Bundle,8
5634,100,Premium,CTV,Organic,3
5635,325,Premium,Mobile,Paid-Social,10
5636,181,Ad-Supported,CTV,Paid-Social,6
5637,385,Ad-Supported,Mobile,Paid-Social,12
5638,36,Ad-Supported,Web,Telco-Bundle,1
5639,130,Premium,Tablet,Paid-Social,4
5640,288,Premium,CTV,Referral,9
5641,358,Ad-Supported,CTV,Telco-Bundle,11
5642,89,Ad-Supported,CTV,Referral,2
5643,392,Ad-Supported,Mobile,Paid-Social,13
5644,78,Premium,Mobile,Telco-Bundle,2
5645,167,Ad-Supported,Web,Telco-Bundle,5
5646,126,Ad-Supported,Mobile,Telco-Bundle,4
5647,170,Premium,Mobile,Organic,5
5648,361,Ad-Supported,Mobile,Organic,12
5649,293,Ad-Supported,Tablet,Organic,9
5650,318,Ad-Supported,Tablet,Organic,10
5651,102,Ad-Supported,Mobile,Referral,3
5652,378,Premium,Mobile,Telco-Bundle,12
5653,174,Ad-Supported,Web,Organic,5
5654,261,Ad-Supported,Mobile,Paid-Social,8
5655,279,Ad-Supported,Tablet,Organic,9
5656,265,Ad-Supported,Web,Telco-Bundle,8
5657,241,Premium,Web,Referral,8
5658,192,Ad-Supported,Mobile,Organic,6
5659,259,Ad-Supported,CTV,Paid-Social,8
5660,362,Ad-Supported,Tablet,Referral,12
5661,156,Ad-Supported,Mobile,Telco-Bundle,5
5662,204,Ad-Supported,Web,Telco-Bundle,6
5663,72,Ad-Supported,Mobile,Paid-Social,2
5664,142,Premium,Tablet,Organic,4
5665,309,Ad-Supported,CTV,Telco-Bundle,10
5666,256,Ad-Supported,Mobile,Organic,8
5667,85,Ad-Supported,Mobile,Telco-Bundle,2
5668,218,Premium,Mobile,Telco-Bundle,7
5669,324,Ad-Supported,Mobile,Organic,10
5670,50,Premium,Web,Paid-Social,1
5671,25,Ad-Supported,Mobile,Telco-Bundle,0
5672,157,Premium,Tablet,Referral,5
5673,262,Premium,Mobile,Paid-Social,8
5674,126,Ad-Supported,CTV,Telco-Bundle,4
5675,328,Ad-Supported,Tablet,Organic,10
5676,338,Ad-Supported,CTV,Referral,11
5677,213,Premium,Web,Telco-Bundle,7
5678,152,Premium,Tablet,Organic,5
5679,17,Ad-Supported,CTV,Telco-Bundle,0
5680,328,Ad-Supported,Web,Telco-Bundle,10
5681,358,Ad-Supported,Mobile,Telco-Bundle,11
5682,177,Ad-Supported,Mobile,Organic,5
5683,207,Premium,Mobile,Telco-Bundle,6
5684,301,Ad-Supported,Web,Telco-Bundle,10
5685,278,Ad-Supported,CTV,Organic,9
5686,54,Premium,CTV,Organic,1
5687,269,Premium,Tablet,Telco-Bundle,8
5688,369,Premium,Mobile,Telco-Bundle,12
5689,300,Ad-Supported,Tablet,Paid-Social,10
5690,192,Premium,Mobile,Telco-Bundle,6
5691,209,Ad-Supported,Mobile,Organic,6
5692,104,Ad-Supported,CTV,Telco-Bundle,3
5693,264,Ad-Supported,Mobile,Paid-Social,8
5694,97,Premium,CTV,Organic,3
5695,137,Ad-Supported,Web,Referral,4
5696,106,Premium,Web,Telco-Bundle,3
5697,134,Premium,Mobile,Organic,4
5698,147,Premium,Mobile,Referral,4
5699,34,Premium,Mobile,Referral,1
5700,287,Premium,Mobile,Telco-Bundle,9
5701,176,Ad-Supported,Mobile,Organic,5
5702,379,Ad-Supported,Mobile,Organic,12
5703,73,Premium,Web,Telco-Bundle,2
5704,267,Ad-Supported,Tablet,Referral,8
5705,72,Ad-Supported,Web,Organic,2
5706,219,Premium,Mobile,Paid-Social,7
5707,196,Ad-Supported,CTV,Organic,6
5708,179,Premium,Mobile,Paid-Social,5
5709,262,Ad-Supported,Mobile,Telco-Bundle,8
5710,331,Premium,Mobile,Organic,11
5711,127,Ad-Supported,Tablet,Telco-Bundle,4
5712,340,Premium,CTV,Telco-Bundle,11
5713,74,Premium,Mobile,Paid-Social,2
5714,117,Ad-Supported,CTV,Telco-Bundle,3
5715,124,Ad-Supported,Tablet,Organic,4
5716,381,Ad-Supported,Mobile,Organic,12
5717,48,Ad-Supported,Web,Paid-Social,1
5718,158,Ad-Supported,Mobile,Paid-Social,5
5719,170,Ad-Supported,Mobile,Organic,5
5720,320,Premium,Web,Referral,10
5721,194,Ad-Supported,Mobile,Organic,6
5722,386,Ad-Supported,CTV,Organic,12
5723,296,Ad-Supported,Mobile,Telco-Bundle,9
5724,281,Ad-Supported,CTV,Referral,9
5725,301,Ad-Supported,CTV,Paid-Social,10
5726,65,Premium,Web,Organic,2
5727,180,Premium,Web,Paid-Social,6
5728,234,Ad-Supported,CTV,Organic,7
5729,84,Premium,Mobile,Paid-Social,2
5730,48,Ad-Supported,Mobile,Telco-Bundle,1
5731,55,Ad-Supported,CTV,Paid-Social,1
5732,315,Premium,Mobile,Paid-Social,10
5733,263,Ad-Supported,Mobile,Telco-Bundle,8
5734,113,Ad-Supported,Tablet,Organic,3
5735,295,Premium,Mobile,Organic,9
5736,278,Ad-Supported,Mobile,Telco-Bundle,9
5737,326,Ad-Supported,Web,Organic,10
5738,364,Ad-Supported,CTV,Organic,12
5739,353,Premium,CTV,Organic,11
5740,73,Premium,Mobile,Paid-Social,2
5741,307,Premium,Mobile,Telco-Bundle,10
5742,157,Ad-Supported,CTV,Paid-Social,5
5743,161,Premium,Mobile,Paid-Social,5
5744,259,Ad-Supported,CTV,Paid-Social,8
5745,241,Ad-Supported,Mobile,Organic,8
5746,168,Ad-Supported,Mobile,Telco-Bundle,5
5747,399,Premium,Mobile,Referral,13
5748,70,Ad-Supported,Mobile,Paid-Social,2
5749,39,Premium,Mobile,Paid-Social,1
5750,12,Ad-Supported,Web,Telco-Bundle,0
5751,325,Ad-Supported,CTV,Organic,10
5752,163,Premium,Mobile,Organic,5
5753,175,Premium,CTV,Referral,5
5754,260,Ad-Supported,Mobile,Organic,8
5755,174,Premium,Mobile,Organic,5
5756,230,Ad-Supported,Web,Paid-Social,7
5757,24,Premium,CTV,Paid-Social,0
5758,63,Ad-Supported,CTV,Paid-Social,2
5759,372,Ad-Supported,Mobile,Organic,12
5760,180,Ad-Supported,Mobile,Telco-Bundle,6
5761,67,Ad-Supported,Web,Organic,2
5762,148,Ad-Supported,CTV,Referral,4
5763,134,Ad-Supported,CTV,Organic,4
5764,110,Premium,Tablet,Organic,3
5765,118,Ad-Supported,Mobile,Paid-Social,3
5766,291,Ad-Supported,Web,Organic,9
5767,43,Ad-Supported,CTV,Telco-Bundle,1
5768,124,Premium,Mobile,Organic,4
5769,187,Ad-Supported,Mobile,Paid-Social,6
5770,216,Ad-Supported,CTV,Organic,7
5771,352,Premium,Mobile,Paid-Social,11
5772,369,Ad-Supported,CTV,Organic,12
5773,119,Premium,CTV,Organic,3
5774,216,Ad-Supported,Mobile,Organic,7
5775,9,Premium,CTV,Telco-Bundle,0
5776,247,Ad-Supported,CTV,Telco-Bundle,8
5777,62,Premium,Mobile,Organic,2
5778,30,Premium,Web,Organic,1
5779,269,Ad-Supported,Mobile,Organic,8
5780,72,Ad-Supported,Tablet,Organic,2
5781,191,Ad-Supported,Mobile,Paid-Social,6
5782,41,Ad-Supported,Mobile,Paid-Social,1
5783,298,Premium,CTV,Referral,9
5784,306,Ad-Supported,Mobile,Telco-Bundle,10
5785,230,Ad-Supported,Mobile,Organic,7
5786,334,Premium,Mobile,Organic,11
5787,175,Premium,CTV,Organic,5
5788,75,Premium,CTV,Organic,2
5789,61,Ad-Supported,Mobile,Paid-Social,2
5790,88,Ad-Supported,Mobile,Organic,2
5791,80,Ad-Supported,Mobile,Organic,2
5792,129,Ad-Supported,Tablet,Organic,4
5793,86,Ad-Supported,Mobile,Telco-Bundle,2
5794,236,Ad-Supported,CTV,Organic,7
5795,60,Ad-Supported,Mobile,Referral,2
5796,249,Ad-Supported,CTV,Paid-Social,8
5797,134,Ad-Supported,Tablet,Organic,4
5798,275,Ad-Supported,Mobile,Paid-Social,9
5799,205,Ad-Supported,CTV,Paid-Social,6
5800,362,Ad-Supported,Mobile,Paid-Social,12
5801,176,Premium,CTV,Paid-Social,5
5802,118,Premium,Mobile,Organic,3
5803,236,Ad-Supported,Mobile,Organic,7
5804,263,Ad-Supported,Mobile,Organic,8
5805,176,Ad-Supported,Mobile,Telco-Bundle,5
5806,224,Ad-Supported,Tablet,Telco-Bundle,7
5807,188,Ad-Supported,Web,Telco-Bundle,6
5808,123,Premium,Mobile,Referral,4
5809,126,Ad-Supported,CTV,Paid-Social,4
5810,363,Ad-Supported,CTV,Telco-Bundle,12
5811,270,Premium,Mobile,Paid-Social,9
5812,39,Ad-Supported,Mobile,Paid-Social,1
5813,384,Ad-Supported,CTV,Telco-Bundle,12
5814,285,Ad-Supported,Mobile,Organic,9
5815,21,Premium,CTV,Organic,0
5816,291,Ad-Supported,Mobile,Paid-Social,9
5817,236,Premium,Mobile,Organic,7
5818,366,Premium,CTV,Organic,12
5819,196,Ad-Supported,CTV,Telco-Bundle,6
5820,207,Premium,Tablet,Paid-Social,6
5821,126,Ad-Supported,Mobile,Organic,4
5822,129,Ad-Supported,CTV,Organic,4
5823,247,Ad-Supported,Tablet,Referral,8
5824,331,Premium,CTV,Referral,11
5825,356,Ad-Supported,Tablet,Telco-Bundle,11
5826,308,Ad-Supported,Tablet,Organic,10
5827,244,Premium,Web,Paid-Social,8
5828,200,Ad-Supported,Tablet,Organic,6
5829,136,Premium,CTV,Telco-Bundle,4
5830,307,Premium,Mobile,Paid-Social,10
5831,127,Ad-Supported,Web,Telco-Bundle,4
5832,107,Premium,Web,Paid-Social,3
5833,347,Premium,Mobile,Telco-Bundle,11
5834,236,Ad-Supported,Mobile,Paid-Social,7
5835,142,Premium,Mobile,Paid-Social,4
5836,346,Premium,Web,Paid-Social,11
5837,385,Premium,Mobile,Paid-Social,12
5838,127,Premium,Mobile,Telco-Bundle,4
5839,209,Ad-Supported,CTV,Paid-Social,6
5840,193,Ad-Supported,Mobile,Referral,6
5841,280,Ad-Supported,Tablet,Paid-Social,9
5842,380,Ad-Supported,Mobile,Organic,12
5843,219,Premium,Mobile,Organic,7
5844,319,Premium,Mobile,Organic,10
5845,238,Ad-Supported,Web,Telco-Bundle,7
5846,354,Ad-Supported,CTV,Organic,11
5847,162,Premium,Mobile,Organic,5
5848,154,Ad-Supported,Mobile,Organic,5
5849,169,Premium,Web,Telco-Bundle,5
5850,398,Premium,Web,Referral,13
5851,244,Ad-Supported,CTV,Telco-Bundle,8
5852,61,Ad-Supported,Mobile,Organic,2
5853,17,Premium,Tablet,Paid-Social,0
5854,207,Ad-Supported,CTV,Organic,6
5855,322,Premium,Mobile,Referral,10
5856,192,Ad-Supported,Tablet,Organic,6
5857,224,Ad-Supported,Web,Referral,7
5858,319,Ad-Supported,CTV,Telco-Bundle,10
5859,207,Premium,Web,Telco-Bundle,6
5860,363,Premium,Mobile,Telco-Bundle,12
5861,255,Premium,CTV,Organic,8
5862,292,Ad-Supported,Mobile,Organic,9
5863,312,Premium,CTV,Paid-Social,10
5864,251,Ad-Supported,Mobile,Organic,8
5865,20,Ad-Supported,Mobile,Telco-Bundle,0
5866,171,Premium,Tablet,Paid-Social,5
5867,57,Ad-Supported,Mobile,Telco-Bundle,1
5868,204,Premium,Web,Telco-Bundle,6
5869,58,Ad-Supported,Mobile,Organic,1
5870,204,Ad-Supported,Mobile,Organic,6
5871,138,Ad-Supported,Mobile,Paid-Social,4
5872,9,Premium,Mobile,Organic,0
5873,50,Ad-Supported,Mobile,Telco-Bundle,1
5874,201,Premium,Mobile,Telco-Bundle,6
5875,32,Ad-Supported,CTV,Telco-Bundle,1
5876,342,Premium,Mobile,Paid-Social,11
5877,303,Ad-Supported,Mobile,Telco-Bundle,10
5878,284,Ad-Supported,Mobile,Telco-Bundle,9
5879,69,Premium,Mobile,Referral,2
5880,318,Premium,Mobile,Telco-Bundle,10
5881,254,Ad-Supported,Mobile,Telco-Bundle,8
5882,156,Ad-Supported,CTV,Organic,5
5883,1,Ad-Supported,CTV,Telco-Bundle,0
5884,212,Premium,Web,Organic,7
5885,318,Premium,Web,Paid-Social,10
5886,14,Premium,CTV,Paid-Social,0
5887,21,Premium,Mobile,Organic,0
5888,153,Premium,Mobile,Organic,5
5889,205,Ad-Supported,CTV,Organic,6
5890,190,Ad-Supported,Mobile,Telco-Bundle,6
5891,171,Premium,Mobile,Telco-Bundle,5
5892,102,Ad-Supported,Tablet,Referral,3
5893,24,Ad-Supported,Mobile,Telco-Bundle,0
5894,13,Premium,Mobile,Paid-Social,0
5895,40,Premium,Tablet,Telco-Bundle,1
5896,276,Premium,Mobile,Paid-Social,9
5897,314,Ad-Supported,Mobile,Organic,10
5898,174,Premium,Mobile,Referral,5
5899,31,Ad-Supported,Mobile,Referral,1
5900,166,Ad-Supported,Tablet,Organic,5
5901,394,Premium,CTV,Telco-Bundle,13
5902,100,Premium,Mobile,Organic,3
5903,196,Premium,Mobile,Referral,6
5904,215,Premium,Mobile,Telco-Bundle,7
5905,132,Premium,CTV,Organic,4
5906,175,Ad-Supported,Mobile,Telco-Bundle,5
5907,189,Ad-Supported,Mobile,Paid-Social,6
5908,190,Premium,CTV,Organic,6
5909,287,Premium,Web,Telco-Bundle,9
5910,232,Ad-Supported,Web,Telco-Bundle,7
5911,22,Ad-Supported,Web,Paid-Social,0
5912,3,Ad-Supported,CTV,Telco-Bundle,0
5913,164,Ad-Supported,Web,Organic,5
5914,363,Premium,Web,Organic,12
5915,15,Ad-Supported,Mobile,Telco-Bundle,0
5916,29,Ad-Supported,Mobile,Organic,0
5917,272,Premium,Mobile,Paid-Social,9
5918,180,Ad-Supported,Tablet,Referral,6
5919,93,Ad-Supported,Web,Telco-Bundle,3
5920,83,Ad-Supported,Web,Paid-Social,2
5921,266,Ad-Supported,Mobile,Paid-Social,8
5922,209,Ad-Supported,Tablet,Telco-Bundle,6
5923,255,Ad-Supported,Mobile,Telco-Bundle,8
5924,112,Ad-Supported,Mobile,Organic,3
5925,211,Ad-Supported,CTV,Paid-Social,7
5926,344,Ad-Supported,Web,Organic,11
5927,127,Ad-Supported,Web,Organic,4
5928,159,Premium,Mobile,Organic,5
5929,66,Ad-Supported,Mobile,Telco-Bundle,2
5930,255,Ad-Supported,Mobile,Telco-Bundle,8
5931,13,Premium,Mobile,Referral,0
5932,100,Ad-Supported,Web,Paid-Social,3
5933,285,Ad-Supported,Mobile,Paid-Social,9
5934,8,Premium,Mobile,Organic,0
5935,395,Ad-Supported,Mobile,Organic,13
5936,162,Ad-Supported,CTV,Organic,5
5937,160,Premium,Web,Referral,5
5938,215,Premium,Mobile,Organic,7
5939,256,Ad-Supported,Mobile,Telco-Bundle,8
5940,184,Ad-Supported,Tablet,Organic,6
5941,353,Ad-Supported,CTV,Paid-Social,11
5942,384,Premium,Mobile,Telco-Bundle,12
5943,80,Ad-Supported,Mobile,Referral,2
5944,283,Ad-Supported,Tablet,Organic,9
5945,121,Ad-Supported,CTV,Referral,4
5946,398,Premium,Mobile,Organic,13
5947,102,Ad-Supported,Mobile,Telco-Bundle,3
5948,118,Ad-Supported,Mobile,Organic,3
5949,285,Ad-Supported,Mobile,Paid-Social,9
5950,315,Premium,Mobile,Telco-Bundle,10
5951,52,Ad-Supported,Mobile,Telco-Bundle,1
5952,222,Premium,Mobile,Telco-Bundle,7
5953,138,Ad-Supported,Mobile,Organic,4
5954,245,Ad-Supported,Mobile,Telco-Bundle,8
5955,223,Ad-Supported,Mobile,Organic,7
5956,394,Ad-Supported,Web,Organic,13
5957,373,Ad-Supported,Mobile,Organic,12
5958,261,Premium,Web,Organic,8
5959,272,Ad-Supported,Web,Organic,9
5960,359,Premium,Tablet,Telco-Bundle,11
5961,74,Ad-Supported,Mobile,Organic,2
5962,290,Ad-Supported,Mobile,Paid-Social,9
5963,309,Ad-Supported,CTV,Organic,10
5964,51,Ad-Supported,Mobile,Telco-Bundle,1
5965,352,Ad-Supported,Mobile,Organic,11
5966,280,Premium,Mobile,Organic,9
5967,139,Premium,CTV,Telco-Bundle,4
5968,194,Premium,Web,Referral,6
5969,196,Premium,Mobile,Referral,6
5970,367,Ad-Supported,Tablet,Paid-Social,12
5971,387,Ad-Supported,Web,Referral,12
5972,322,Ad-Supported,Mobile,Telco-Bundle,10
5973,261,Premium,Mobile,Referral,8
5974,42,Ad-Supported,Mobile,Organic,1
5975,366,Ad-Supported,Web,Organic,12
5976,54,Premium,CTV,Organic,1
5977,67,Ad-Supported,CTV,Telco-Bundle,2
5978,28,Premium,CTV,Organic,0
5979,379,Ad-Supported,Mobile,Organic,12
5980,197,Premium,Tablet,Paid-Social,6
5981,95,Premium,Web,Referral,3
5982,33,Ad-Supported,CTV,Paid-Social,1
5983,165,Ad-Supported,Mobile,Telco-Bundle,5
5984,289,Ad-Supported,Mobile,Organic,9
5985,397,Ad-Supported,Mobile,Referral,13
5986,221,Ad-Supported,Mobile,Organic,7
5987,243,Ad-Supported,CTV,Organic,8
5988,334,Ad-Supported,Web,Paid-Social,11
5989,360,Ad-Supported,Tablet,Organic,12
5990,112,Ad-Supported,Mobile,Telco-Bundle,3
5991,396,Premium,Mobile,Telco-Bundle,13
5992,208,Ad-Supported,Mobile,Organic,6
5993,372,Ad-Supported,Tablet,Organic,12
5994,47,Ad-Supported,Web,Organic,1
5995,39,Ad-Supported,Mobile,Organic,1
5996,353,Premium,CTV,Referral,11
5997,269,Ad-Supported,CTV,Telco-Bundle,8
5998,70,Premium,Mobile,Organic,2
5999,358,Premium,Mobile,Organic,11
6000,41,Premium,Mobile,Telco-Bundle,1
